EPOCH,PROTOCOL,AGGREGATOR,NUM_SWAPS,VOLUME_SOL,AVG_SWAP_USD,MARKET_SHARE_PCT,UNIQUE_POOLS_USED
740,orca-whirlpool-v2,jupiter-aggregator-v6,28351,184825.54886036098,1248.063798520121,66.15997860560506,3
740,meteora-dlmm,jupiter-aggregator-v6,3828,47213.721792542,2364.1749808158324,16.90057918370121,3
740,orca-whirlpool,jupiter-aggregator-v6,4211,16800.044269956998,772.5558110821339,6.01372795226121,2
740,raydium-clmm,jupiter-aggregator-v6,6807,11829.655718107997,332.4589222402785,4.234532368752789,1
740,meteora,jupiter-aggregator-v6,6775,8246.892358658999,233.30525934626922,2.952049786276185,2
740,orca-whirlpool,,923,3378.8126314220003,707.0084769240361,1.2094765728309447,5
740,raydium-clmm,raydium-router,220,1667.8093683769996,1448.1143201750767,0.5970074635807819,1
740,raydium-clmm,,495,1377.919242714,536.3280748674356,0.49323866846506775,1
740,orca-whirlpool-v2,okx-aggregator,415,996.625188231,459.1732624627941,0.35675100946669686,2
740,meteora-dlmm,,263,986.863861514,720.7558329781435,0.35325685419032343,6
740,meteora,,357,914.7057631660002,493.5381727368133,0.3274272095748399,2
740,orca-whirlpool-v2,,569,840.561288039,284.5225069586328,0.30088652340686717,5
740,raydium-clmm,okx-aggregator,199,114.15480459300002,110.02885082844546,0.04086274584963328,1
740,stabble,jupiter-aggregator-v6,2052,88.70009580199998,8.316767019983285,0.03175100237364433,4
740,meteora-dlmm,okx-aggregator,59,51.216086209,165.6369892167695,0.018333261763557932,3
740,stabble,,35,25.592862489999995,141.68726267240925,0.009161196843375007,4
740,raydium-clmm,dflow-v1,2,1.583778071,150.04361181119052,0.0005669276998741754,1
740,stabble,okx-aggregator,57,0.9764803399999997,3.2982311118014547,0.00034953997865307763,4
740,orca-whirlpool,photon,6,0.131354617,4.1581863777357535,4.7019574426007606e-05,1
740,orca-whirlpool,jupiter-aggregator-v4,3,0.044999015,2.8877543899173035,1.6107804835588935e-05,2
741,orca-whirlpool-v2,jupiter-aggregator-v6,27436,131532.413157919,891.2414168768472,68.6815612924936,2
741,meteora-dlmm,jupiter-aggregator-v6,3532,22483.230256738003,1187.8848209692183,11.739945461788473,6
741,raydium-clmm,jupiter-aggregator-v6,7268,10016.673430700997,256.1945218218668,5.230351619502416,1
741,orca-whirlpool,jupiter-aggregator-v6,4466,8625.101994176002,359.3801006031728,4.5037223680811245,2
741,meteora,jupiter-aggregator-v6,7289,6663.744309352999,170.07285710523968,3.47957094553449,2
741,orca-whirlpool,,1243,5242.330083915999,783.5806792460147,2.73735884813182,11
741,raydium-clmm,,550,1703.2163407599999,579.1762534196397,0.8893591677804761,2
741,orca-whirlpool-v2,,484,1236.4000395700004,475.2938366877199,0.6456042511575858,3
741,raydium-clmm,raydium-router,189,1082.6049807720003,1067.0726534613348,0.5652979258669854,2
741,orca-whirlpool-v2,okx-aggregator,282,1014.3791258070003,662.2255682119921,0.529672804066129,2
741,meteora,,420,921.524779213,410.0712442368989,0.48118755739758706,3
741,meteora-dlmm,,475,735.577183194,287.9068259438181,0.3840923174749559,6
741,raydium-clmm,okx-aggregator,120,137.63893271400002,211.94391549385648,0.07187016923410604,1
741,stabble,jupiter-aggregator-v6,2008,83.365818001,7.705477562255977,0.04353067355238306,4
741,stabble,,42,18.687060536999997,82.46966218598466,0.009757720267076482,4
741,meteora-dlmm,okx-aggregator,47,11.697074281999999,46.33701324107934,0.006107797347848368,3
741,raydium-clmm,dflow-v1,7,0.6934731350000001,18.456454107596418,0.00036210707674781727,1
741,stabble,okx-aggregator,50,0.6901346530000001,2.563899491276615,0.0003603638398482434,4
741,orca-whirlpool,dflow-v1,2,0.261359714,24.577195228417953,0.00013647277340626262,1
741,orca-whirlpool,photon,4,0.23757546200000002,10.93498796759909,0.00012405348053148757,1
741,meteora-dlmm,dflow-v1,2,0.04995198,4.703433099650628,2.6083152385658648e-05,1
742,orca-whirlpool-v2,jupiter-aggregator-v6,21858,101450.625485722,874.7775765313866,55.25137088968387,2
742,meteora-dlmm,jupiter-aggregator-v6,9404,49952.85549056701,1001.5697591426481,27.20499486813447,6
742,orca-whirlpool,jupiter-aggregator-v6,2553,10480.583465942997,771.0058213608448,5.7078662792335555,2
742,raydium-clmm,jupiter-aggregator-v6,4066,7068.32010887,327.6139293152095,3.8495019033386852,1
742,meteora,jupiter-aggregator-v6,5470,7050.865185563,242.0227750924852,3.8399957180700524,2
742,orca-whirlpool,,978,2430.146843168,473.2293825544778,1.3234905542023139,9
742,meteora-dlmm,,770,1368.2512664400003,338.2579414420528,0.74516798521854,6
742,meteora-dlmm,okx-aggregator,151,775.534662381,954.2270620886433,0.42236657550276946,3
742,orca-whirlpool-v2,okx-aggregator,256,754.206373711,556.0716802364126,0.4107509035233566,3
742,orca-whirlpool-v2,,573,697.1410045039999,231.51038465723676,0.3796723383206566,3
742,raydium-clmm,,352,524.3958431249999,282.6131988075659,0.2855930072662346,2
742,meteora,,534,522.95801241,185.0877343758045,0.284809945380409,3
742,raydium-clmm,raydium-router,178,375.07131307,397.46626186172347,0.2042688660547278,1
742,raydium-clmm,okx-aggregator,97,92.22652947899999,179.18555709996946,0.050227804527728064,1
742,stabble,jupiter-aggregator-v6,1601,59.988239607000004,7.104479605966512,0.03267039961239124,4
742,stabble,,31,11.588441597000003,70.24994870126959,0.006311220671570913,1
742,stabble,okx-aggregator,60,0.718944121,2.2717678170127855,0.0003915466079006015,4
742,orca-whirlpool,dflow-v1,1,0.488042876,90.86038363051577,0.0002657946939493144,1
742,meteora-dlmm,dflow-v1,1,0.486726059,90.63323267802524,0.0002650775377552298,1
742,raydium-clmm,dflow-v1,1,0.024884746,4.674198986161198,1.355256632631684e-05,1
742,invariant,jupiter-aggregator-v6,1,0.00509079,0.9542138071040667,2.772512491321009e-06,1
742,orca-whirlpool,jupiter-aggregator-v4,4,0.003667446,0.17166111348811575,1.9973402647222276e-06,1
743,orca-whirlpool-v2,jupiter-aggregator-v6,31406,536184.972235435,2981.1214981910516,64.78049481569451,2
743,meteora-dlmm,jupiter-aggregator-v6,9585,177332.847458309,3231.642133970949,21.42490036140207,2
743,raydium-clmm,jupiter-aggregator-v6,8383,36019.710927185,757.9269151910673,4.351809203553647,1
743,meteora,jupiter-aggregator-v6,8094,16873.746917351,367.9845615928684,2.0386428775568697,2
743,orca-whirlpool,jupiter-aggregator-v6,2350,14690.910756053005,1139.56197665779,1.7749182042581464,1
743,orca-whirlpool,,1005,13841.745277379998,2397.927864135472,1.6723242064079245,10
743,orca-whirlpool-v2,okx-aggregator,252,12006.972287420998,8420.726734499125,1.4506516338468536,3
743,meteora-dlmm,okx-aggregator,117,7962.354727682999,12014.124010199188,0.9619913012610557,4
743,meteora-dlmm,,705,4286.326606690999,1043.6295870720355,0.5178630004594694,5
743,orca-whirlpool-v2,,605,2821.6063841910004,797.5205549493738,0.34089925530914733,3
743,raydium-clmm,,571,2580.7665258650004,785.4659118323149,0.311801600578814,2
743,raydium-clmm,okx-aggregator,135,1225.6477296099997,1601.7215882191133,0.14807961898455668,1
743,meteora,,436,1092.122980561,439.19650766134913,0.13194750085100787,3
743,raydium-clmm,raydium-router,180,681.6331687179999,659.0973844190584,0.08235317332421056,1
743,stabble,jupiter-aggregator-v6,1289,57.741924612,7.842169165127945,0.00697623141577612,4
743,stabble,,62,33.82300602699999,94.05401491278087,0.004086408944749749,3
743,orca-whirlpool,dflow-v1,4,1.1274860510000002,49.20959981137923,0.0001362199764328763,1
743,raydium-clmm,dflow-v1,2,0.611361012,53.84422391226506,7.386307136372669e-05,1
743,stabble,okx-aggregator,33,0.40007470799999995,2.144112698235346,4.833600136056127e-05,4
743,meteora-dlmm,dflow-v1,1,0.012907728,2.382318023855599,1.559478631600363e-06,1
743,orca-whirlpool,jupiter-aggregator-v4,5,0.0051948079999999995,0.1774048885236644,6.276233951681209e-07,2
744,orca-whirlpool-v2,jupiter-aggregator-v6,35132,353193.254004677,1629.927464229204,30.657320690670865,2
744,meteora-dlmm,jupiter-aggregator-v6,15883,236450.11956530798,2400.5921844672844,20.52396828271563,4
744,raydium-clmm,jupiter-aggregator-v6,24847,232535.313932921,1495.68895132815,20.184161532861506,2
744,meteora,jupiter-aggregator-v6,16749,136990.98027094998,1294.8409001076548,11.890873809951833,2
744,meteora-dlmm,,2615,64393.68400913799,3931.4368051164706,5.589398434817575,6
744,raydium-clmm,,2938,43750.443805833995,2370.6322010737003,3.7975566376385723,2
744,meteora,,1789,43654.388071208996,3853.5400763197204,3.789218960100321,3
744,orca-whirlpool,,1889,14558.991410411998,1235.7326255811995,1.2637264827142272,20
744,orca-whirlpool-v2,,1100,11213.014275701,1628.3209986153267,0.9732942819872883,2
744,raydium-clmm,raydium-router,327,5246.380433578001,2567.760578790488,0.4553879939488646,1
744,orca-whirlpool,jupiter-aggregator-v6,2020,4039.509313517,325.8174012182256,0.35063108101097107,2
744,orca-whirlpool-v2,okx-aggregator,192,2508.6272884700006,2100.115580364234,0.2177498873604604,2
744,raydium-clmm,okx-aggregator,198,2265.567100735,1823.3111968998935,0.19665216242365316,1
744,meteora-dlmm,okx-aggregator,130,1025.132222675,1261.5013230141694,0.08898190139404963,3
744,stabble,jupiter-aggregator-v6,2113,152.26183583,11.434126913035751,0.013216390395522038,4
744,meteora,okx-aggregator,74,33.006013499,72.29932684310019,0.0028649356381706408,2
744,stabble,,40,29.098571441999994,115.7577140918307,0.0025257680497090627,4
744,gamma,,21,14.644979813,70.09108756244207,0.0012711903116631913,1
744,orca-whirlpool,photon,5,12.571855646,410.23274185551384,0.0010912422755705842,1
744,stabble,okx-aggregator,24,1.011121743,6.703489517816295,8.776578595708571e-05,4
744,meteora-dlmm,dflow-v1,3,0.122757491,6.69468167068609,1.06554010477202e-05,2
744,raydium-clmm,dflow-v1,1,0.091367369,15.172637836609244,7.930725460738181e-06,1
744,orca-whirlpool,jupiter-aggregator-v4,17,0.022831931,0.2147645784253873,1.981821064580697e-06,3
745,orca-whirlpool-v2,jupiter-aggregator-v6,35828,240184.64140304303,1110.7713208679922,64.27717338708422,3
745,meteora-dlmm,jupiter-aggregator-v6,7671,75059.621477893,1619.2687628225026,20.087130783718436,3
745,raydium-clmm,jupiter-aggregator-v6,7967,15164.257899744003,316.3460779506134,4.058193016066671,1
745,meteora,jupiter-aggregator-v6,7638,11154.363022925998,242.38533375756876,2.985082317748946,2
745,orca-whirlpool,jupiter-aggregator-v6,1698,10155.552088537,986.266843049958,2.7177848617767104,1
745,meteora-dlmm,,1070,6051.5152490460005,937.9750525460898,1.6194802991786377,6
745,raydium-clmm,,1299,5369.446805328001,681.4055592295307,1.4369480966088977,2
745,orca-whirlpool,,1539,5168.043954213001,556.989836550376,1.3830495379577283,15
745,meteora,,494,1862.8872360039995,627.7286544976872,0.49853781311638057,2
745,orca-whirlpool-v2,,964,1803.0912505840001,308.12487997724895,0.4825354705009624,4
745,orca-whirlpool-v2,okx-aggregator,227,708.7150478750001,518.2299001604054,0.18966325135608741,2
745,raydium-clmm,raydium-router,178,462.28843213199997,428.9105322855387,0.12371562783287694,1
745,meteora-dlmm,okx-aggregator,64,299.60978520099997,775.7446895807013,0.08018027297388942,2
745,raydium-clmm,okx-aggregator,73,101.155377763,230.1016991923723,0.027070764048554092,1
745,stabble,jupiter-aggregator-v6,1264,62.51357302499999,8.230908655261777,0.0167296116392027,4
745,meteora,okx-aggregator,110,42.63737980600001,64.3825657337991,0.011410430902458628,2
745,stabble,,34,19.045072469000004,93.17489808235676,0.0050967598015781695,2
745,stabble,okx-aggregator,25,0.332875761,2.200821356109376,8.908276932766246e-05,3
745,raydium-clmm,dflow-v1,2,0.298662758,24.835962576589253,7.992683365634866e-05,1
745,meteora-dlmm,dflow-v1,1,0.078908698,13.124693414960312,2.1117203970523344e-05,1
745,orca-whirlpool,dflow-v1,1,0.06885707,11.238995661600839,1.8427230823180023e-05,1
745,orca-whirlpool,photon,2,0.019801757000000003,1.6141506792674416,5.299260438231264e-06,1
745,orca-whirlpool,jupiter-aggregator-v4,13,0.014365338,0.18112746117654296,3.844389532970242e-06,3
746,orca-whirlpool-v2,jupiter-aggregator-v6,23893,240613.48769499903,1624.2161973284944,66.43485412383339,3
746,meteora-dlmm,jupiter-aggregator-v6,4207,78582.733827874,3013.687753173343,21.697172957837243,4
746,raydium-clmm,jupiter-aggregator-v6,5805,18317.859377599005,507.6638758579298,5.057672898014257,1
746,meteora,jupiter-aggregator-v6,5884,10542.110295574003,289.2398240372248,2.9107410659023394,2
746,orca-whirlpool,jupiter-aggregator-v6,1117,4152.004730543001,584.2310276829583,1.1463938752458536,1
746,orca-whirlpool,,668,2088.8717013290006,506.0633249832102,0.5767502399412672,9
746,orca-whirlpool-v2,okx-aggregator,246,2058.248745339,1359.7083471418623,0.5682950546832608,2
746,meteora,,315,1643.667707338,851.2961420380778,0.4538266969616985,2
746,raydium-clmm,,370,1501.9973754710002,659.4988943544633,0.41471065271404756,1
746,meteora-dlmm,,246,878.2635264659998,579.5689209112933,0.2424939259307569,5
746,meteora,okx-aggregator,140,527.44014194,614.6098639483827,0.1456294458989556,2
746,raydium-clmm,raydium-router,213,444.5191019420001,339.86352736118846,0.12273444010008416,3
746,orca-whirlpool-v2,,447,396.0427990010001,142.74464197007958,0.10934983666326269,4
746,raydium-clmm,okx-aggregator,74,218.13932637899998,479.52093509516163,0.060229600865227606,1
746,meteora-dlmm,okx-aggregator,63,173.62301365199997,441.52153327035313,0.04793837492240752,2
746,stabble,jupiter-aggregator-v6,679,32.02972436899999,7.677987636165363,0.008843602602936429,4
746,stabble,,15,5.406344407,58.23238376792194,0.0014927247240500915,3
746,orca-whirlpool,photon,2,1.979731454,162.6787043901984,0.0005466159507964615,1
746,raydium-clmm,dflow-v1,2,0.514390381,41.591603757721344,0.00014202632716814383,1
746,meteora-dlmm,dflow-v1,1,0.446086454,71.98454339459089,0.00012316719557996776,1
746,stabble,okx-aggregator,16,0.147970915,1.5078807930706115,4.085567374783317e-05,3
746,orca-whirlpool,dflow-v1,1,0.060693913,9.947046944794936,1.6757960224868313e-05,1
746,orca-whirlpool,jupiter-aggregator-v4,2,0.00383929,0.3140801382055467,1.0600514274262506e-06,1
747,orca-whirlpool-v2,jupiter-aggregator-v6,74648,846631.797261321,1560.7638155245268,64.48621975423943,3
747,meteora-dlmm,jupiter-aggregator-v6,19574,275323.007235553,1936.2579358240216,20.9707927406249,4
747,raydium-clmm,jupiter-aggregator-v6,18279,58146.871278055994,439.92028024660493,4.42892876382343,1
747,orca-whirlpool,,3602,26960.167908169,1012.3053283978812,2.0535010827153672,15
747,meteora,jupiter-aggregator-v6,15310,22551.681058805993,201.7194482320314,1.7177156176864061,2
747,orca-whirlpool,jupiter-aggregator-v6,5601,18479.889085432005,449.6584540633973,1.407575515651593,1
747,meteora-dlmm,,1530,15314.535482513002,1360.410774146468,1.16647697824962,5
747,orca-whirlpool-v2,,1726,13764.374778868994,1099.2914703936565,1.0484043944972299,2
747,orca-whirlpool-v2,okx-aggregator,259,13307.762878829997,6866.301572019979,1.013625196003192,1
747,raydium-clmm,,2041,11286.749545672003,752.4538541402309,0.859688726395203,2
747,meteora,,1509,5695.613968262,512.6379992556788,0.4338233163232964,2
747,raydium-clmm,raydium-router,399,2278.1199117600004,802.298632591931,0.17351975407902093,1
747,meteora-dlmm,okx-aggregator,104,1938.4878557230004,2515.3575414189577,0.14765067206245452,1
747,raydium-clmm,okx-aggregator,87,1000.196572444,1574.6002078059792,0.07618293593118218,1
747,meteora,okx-aggregator,106,142.98226522299998,186.03136142737657,0.010890667945564253,2
747,stabble,jupiter-aggregator-v6,1599,43.264155479,3.734616946646157,0.0032953426114224168,4
747,stabble,,17,20.126466792000002,157.46022453570933,0.001532991986154651,1
747,invariant,,23,1.512245257,10.081463756810088,0.00011518464139979391,1
747,stabble,okx-aggregator,17,0.236318127,1.914225042388847,1.7999870450091914e-05,3
747,orca-whirlpool,photon,4,0.23390072,8.236870234363291,1.781574148217256e-05,1
747,raydium-clmm,photon,1,0.13365,20.075659802859608,1.0179848309540742e-05,1
747,invariant,jupiter-aggregator-v6,2,0.12026219099999999,9.186825818775,9.160126163509285e-06,1
747,orca-whirlpool,dflow-v1,1,0.060174279,8.273476713991828,4.583352281002491e-06,1
747,orca-whirlpool,jupiter-aggregator-v4,6,0.008213353999999999,0.19217669387443106,6.255944469327324e-07,3
748,orca-whirlpool-v2,jupiter-aggregator-v6,49330,231490.21537705205,613.6746237916255,62.3954021556175,3
748,meteora-dlmm,jupiter-aggregator-v6,6333,65854.72560738998,1360.8039309808844,17.750348892406244,5
748,raydium-clmm,jupiter-aggregator-v6,12982,22163.137029118,223.539719750965,5.973806908898672,1
748,meteora,jupiter-aggregator-v6,11972,11615.454163913,126.82460435635187,3.1308059072691976,2
748,orca-whirlpool,,2714,10580.379884644,508.44642600388585,2.851814089793324,10
748,orca-whirlpool,jupiter-aggregator-v6,3026,7424.201437195,325.2409282645722,2.001104165908589,1
748,raydium-clmm,,1814,5544.146938240001,396.9442074292226,1.4943580974162105,2
748,meteora,,1119,4127.578131339,480.7183358959036,1.1125390203389112,3
748,orca-whirlpool-v2,,1000,4048.2684133640005,529.3199664897868,1.0911620401506192,3
748,meteora-dlmm,,658,2527.094712333,498.88797927245923,0.6811479725159174,5
748,orca-whirlpool-v2,okx-aggregator,186,2522.5785943670007,1780.4847882285321,0.67993070725824,1
748,meteora-dlmm,okx-aggregator,44,2145.0002730510005,6100.7074738403635,0.5781590139476542,1
748,raydium-clmm,raydium-router,188,559.509142426,388.2866909101854,0.15080895706348585,1
748,raydium-clmm,okx-aggregator,83,218.817399165,338.03827293220434,0.05897959703095043,1
748,meteora,okx-aggregator,89,160.56857058700004,242.8691299384696,0.043279326165082024,2
748,stabble,jupiter-aggregator-v6,969,21.924184606,2.9432355627984244,0.005909400158435279,4
748,stabble,,4,1.258428784,40.82467432630527,0.0003391943367195489,2
748,raydium-clmm,dflow-v1,2,0.199039309,12.761119991693707,5.364865080626791e-05,1
748,stabble,okx-aggregator,16,0.124501819,1.0336222563089241,3.3557967246943026e-05,4
748,orca-whirlpool,jupiter-aggregator-v4,28,0.064358674,0.3007754414298522,1.7347106182831623e-05,2
749,orca-whirlpool-v2,jupiter-aggregator-v6,39057,202191.57284463698,686.8706041309725,62.404135728767116,2
749,meteora-dlmm,jupiter-aggregator-v6,6786,63465.816293757984,1249.9667039107792,19.58800437828299,4
749,raydium-clmm,jupiter-aggregator-v6,9994,15954.142382608998,212.02185232445814,4.92406509664686,1
749,orca-whirlpool-v2,okx-aggregator,319,11645.989279239002,4857.485525612265,3.5944025037870126,2
749,meteora,jupiter-aggregator-v6,8724,11091.81360474,166.76361234082208,3.4233624672391496,2
749,orca-whirlpool,,1920,6593.823113422,455.0457024857226,2.0351087176993716,12
749,raydium-clmm,,1194,3410.811231256,377.4456051025972,1.0527082015631515,2
749,meteora,,836,2237.0919692439998,356.51062590211,0.6904530635097653,3
749,orca-whirlpool,jupiter-aggregator-v6,2333,2169.4363950620004,122.6481821150201,0.6695719378789493,2
749,orca-whirlpool-v2,,783,1660.4166743210003,280.41952519105644,0.512468774305715,2
749,meteora-dlmm,,693,1355.6093137860003,265.9673483439837,0.4183934395608331,5
749,raydium-clmm,okx-aggregator,166,1165.3118335140002,941.6965047695927,0.35966028060340605,1
749,meteora-dlmm,okx-aggregator,65,522.6608757079999,1102.5761785043696,0.16131335133764668,2
749,raydium-clmm,raydium-router,150,454.2551773049999,401.333160157161,0.1402007083738272,1
749,meteora,okx-aggregator,122,55.355858125,60.83482993799983,0.017084957771554835,3
749,stabble,jupiter-aggregator-v6,1065,26.267377314999997,3.268581246398682,0.00810712808720048,4
749,stabble,,12,2.1981668240000003,24.35595893812122,0.0006784392589139871,3
749,raydium-clmm,dflow-v1,2,0.48555120900000004,33.59553752224864,0.00014985987360109046,1
749,stabble,okx-aggregator,15,0.21323800600000004,1.8963316212697265,6.581349203500505e-05,4
749,orca-whirlpool,dflow-v1,2,0.169940796,11.851611150498567,5.245029923966001e-05,1
749,orca-whirlpool,jupiter-aggregator-v4,18,0.027766163000000007,0.20941821477249448,8.569711289849296e-06,2
749,orca-whirlpool,photon,5,0.013387663000000001,0.3679873862525219,4.1319503438699e-06,1
750,orca-whirlpool-v2,jupiter-aggregator-v6,47854,321750.87789340096,1024.8592642554468,58.315774530198794,1
750,meteora-dlmm,jupiter-aggregator-v6,12948,116017.15586025399,1343.6272283018748,21.027542635091176,2
750,raydium-clmm,jupiter-aggregator-v6,10227,21865.000706677,324.92112236016396,3.962924544795359,1
750,orca-whirlpool-v2,okx-aggregator,462,18965.362575204,6200.0606379257615,3.437379301216664,1
750,meteora,jupiter-aggregator-v6,14065,16554.988884329,174.42738000640853,3.0005108469302413,2
750,orca-whirlpool,,3126,10574.251205348004,506.42583427702107,1.9165313647444264,16
750,meteora-dlmm,,1983,9371.253433106001,719.0371002896452,1.6984938964219976,2
750,meteora-dlmm,okx-aggregator,202,7857.031635053,5371.838725559138,1.4240485940746745,2
750,orca-whirlpool-v2,,1725,7775.789788900998,695.9242337470632,1.4093239064106151,5
750,raydium-clmm,,2206,7033.236280331999,485.1915568515607,1.2747397111293692,1
750,meteora,,1847,6563.077364151001,540.3762173960752,1.1895257047873027,2
750,orca-whirlpool,jupiter-aggregator-v6,3018,4618.772528316,231.2904332407207,0.8371299532453469,1
750,raydium-clmm,okx-aggregator,191,1842.5211015150003,1452.9328890940744,0.33394794701595437,1
750,meteora,okx-aggregator,189,477.01830795600006,371.14654212930475,0.08645723758601613,2
750,raydium-clmm,raydium-router,239,414.09994857399994,266.4355671529605,0.075053592369712,2
750,stabble,jupiter-aggregator-v6,1519,39.35593159499999,3.888722833442072,0.007133070306898509,4
750,meteora-dlmm,dflow-v1,2,13.034764699,1042.8044883802684,0.0023624874132990477,1
750,stabble,,13,5.342431089000001,60.54397838532468,0.0009682895315439269,2
750,raydium-clmm,dflow-v1,2,0.372349147,30.07666588103824,6.748646358055265e-05,1
750,orca-whirlpool,dflow-v1,2,0.294821914,21.087910166535735,5.3435031400541454e-05,1
750,stabble,okx-aggregator,9,0.1368926,2.1510814638133966,2.481111488714425e-05,3
750,orca-whirlpool,jupiter-aggregator-v4,11,0.018921802,0.24924802902388746,3.429484159799696e-06,2
750,invariant,jupiter-aggregator-v6,2,0.016702305,1.1344307748543272,3.0272111731030295e-06,1
750,orca-whirlpool,photon,3,0.001089273,0.05530980398294061,1.9742540901746535e-07,1
751,orca-whirlpool-v2,jupiter-aggregator-v6,40373,289748.43836386997,953.7937519757257,58.32124739056977,1
751,meteora-dlmm,jupiter-aggregator-v6,7408,100542.93647881296,1807.7035424644635,20.23751881068421,4
751,raydium-clmm,jupiter-aggregator-v6,10687,27882.661087240995,350.5719318231473,5.612287625634249,1
751,meteora,jupiter-aggregator-v6,11878,19566.156948475997,219.79425972461513,3.9383221056113067,2
751,orca-whirlpool,jupiter-aggregator-v6,3003,10938.619301456001,476.69542014190296,2.2017510292508495,1
751,orca-whirlpool,,2301,9623.410778755999,551.0867326461873,1.9370227633947759,9
751,orca-whirlpool-v2,okx-aggregator,336,9064.799035474,3688.9318695025777,1.8245840774118893,2
751,raydium-clmm,,2512,7287.484313778999,385.40220401798643,1.4668419885841175,1
751,orca-whirlpool-v2,,1858,7157.061888896999,512.881628390324,1.4405902560475339,4
751,meteora,,1046,5722.337468898001,715.715802147756,1.1518055491875325,2
751,meteora-dlmm,,1467,4391.562525265001,399.7930477362874,0.8839440375015748,4
751,meteora-dlmm,okx-aggregator,81,2141.6672143470005,3651.148521823499,0.4310798157929909,2
751,raydium-clmm,okx-aggregator,187,1887.347505844,1380.4767049894463,0.3798897465051124,1
751,raydium-clmm,raydium-router,172,464.688505049,358.7957267563626,0.09353359560986726,1
751,meteora,okx-aggregator,194,332.878463896,232.27450286923624,0.06700256040548956,2
751,stabble,jupiter-aggregator-v6,1264,46.08398985700001,4.875835090688904,0.009275893904281848,4
751,raydium-clmm,dflow-v1,6,8.442968905999999,180.08794099364343,0.0016994206459168073,1
751,stabble,,10,7.355558924,99.83911970436245,0.0014805442062945364,1
751,stabble,okx-aggregator,29,0.27802559899999996,1.2958043941633683,5.596164670205257e-05,4
751,meteora-dlmm,dflow-v1,3,0.216543644,9.947062604783943,4.358641414563789e-05,1
751,orca-whirlpool,dflow-v1,2,0.098709038,6.910331848100597,1.986838741009414e-05,1
751,orca-whirlpool,jupiter-aggregator-v4,13,0.015376711000000005,0.15989087504986957,3.095060568223309e-06,3
751,orca-whirlpool,photon,1,0.001378876,0.1875670813983851,2.775434054831025e-07,1
752,orca-whirlpool-v2,jupiter-aggregator-v6,35945,264236.734133253,1014.1118078850884,56.47054723489644,3
752,meteora-dlmm,jupiter-aggregator-v6,6755,106864.410922006,2170.6758487219504,22.838201450284597,3
752,raydium-clmm,jupiter-aggregator-v6,9373,25462.794683462005,374.9595573754923,5.441703458156534,1
752,meteora,jupiter-aggregator-v6,10343,17351.617761769,231.65003935917161,3.7082480361103363,2
752,orca-whirlpool-v2,okx-aggregator,394,16657.987664790002,5898.127079079634,3.5600109967619566,1
752,orca-whirlpool,,2041,9774.455372250999,656.2612998394076,2.088917900096861,16
752,raydium-clmm,,3431,6283.193767038,251.01862604982742,1.3427935808069558,1
752,orca-whirlpool,jupiter-aggregator-v6,3134,4841.181418272001,212.45322079674108,1.0346183124385953,1
752,orca-whirlpool-v2,,1410,4128.956623061999,401.0496541674324,0.882407363905269,3
752,meteora,,1352,3584.4545504150005,363.70455347771906,0.7660407651665592,3
752,meteora-dlmm,,1602,3426.1190782899994,292.0543295486186,0.7322025829511921,3
752,meteora-dlmm,okx-aggregator,99,2605.9353831529993,3547.698265651983,0.5569195275900519,3
752,raydium-clmm,okx-aggregator,221,1838.120084124,1165.0052726250165,0.3928282241847215,1
752,raydium-clmm,raydium-router,218,516.579308419,323.09518506551234,0.11039917039670288,2
752,meteora,okx-aggregator,163,312.87357339299984,267.0617993585671,0.06686482090688534,2
752,stabble,jupiter-aggregator-v6,835,30.126851654000003,4.969940081932086,0.006438468159797873,4
752,stabble,,5,2.5970496579999995,70.49738775791869,0.0005550205419565264,1
752,raydium-clmm,dflow-v1,3,0.604760106,26.92420703075698,0.00012924446044065835,1
752,meteora-dlmm,dflow-v1,3,0.412391211,18.425658321020403,8.813292911911205e-05,1
752,orca-whirlpool,jupiter-aggregator-v4,18,0.24029884699999998,1.8862594816914675,5.135473474010423e-05,2
752,stabble,okx-aggregator,16,0.12212176200000001,1.0469343700789264,2.6098879673376632e-05,4
752,orca-whirlpool,photon,1,0.037629757,5.093281719278962,8.04192867837431e-06,1
752,gamma,,1,0.001,0.13792656009438867,2.1371194818968164e-07,1
753,orca-whirlpool-v2,jupiter-aggregator-v6,22600,145178.96103380303,813.2755428642247,60.14873273371061,2
753,meteora-dlmm,jupiter-aggregator-v6,3871,43477.47827256001,1418.4331479748655,18.013045429792175,2
753,orca-whirlpool-v2,okx-aggregator,304,16581.718175173,6891.4783570206955,6.869930241145394,1
753,raydium-clmm,jupiter-aggregator-v6,4934,8363.319618963998,216.03478718350922,3.464986062343682,1
753,orca-whirlpool,,909,6177.035313341001,860.1264051125961,2.5591920723439516,3
753,meteora,jupiter-aggregator-v6,5427,5156.438281652,121.39927938893659,2.136351065281043,2
753,raydium-clmm,,1658,3379.0705906040002,258.00009372081655,1.3999742965184763,1
753,orca-whirlpool,jupiter-aggregator-v6,1866,3193.4121884610004,222.79669251612424,1.3230546276439556,1
753,orca-whirlpool-v2,,1094,2297.9319325369997,267.71808471449924,0.952050439445182,1
753,meteora,,554,1803.0833093489998,419.55783122935475,0.7470309423511822,2
753,meteora-dlmm,,934,1493.0297072890003,198.32107850656155,0.6185734088998378,2
753,raydium-clmm,okx-aggregator,175,1412.2185591149998,1031.4777312388019,0.5850927439411563,1
753,meteora-dlmm,okx-aggregator,47,1337.9998774909998,3527.5511482657334,0.5543433873328601,2
753,raydium-clmm,raydium-router,169,1184.111089057,858.679351362839,0.4905861077634328,2
753,meteora,okx-aggregator,134,303.98129478699997,294.94666052282224,0.125941730991816,2
753,stabble,jupiter-aggregator-v6,698,15.182368896,2.789991856873399,0.0062901693364335225,4
753,raydium-clmm,dflow-v1,9,9.621367014,140.15706244965506,0.003986204536367219,1
753,stabble,,4,1.2474760950000001,39.720741323361814,0.0005168387051094633,1
753,orca-whirlpool,dflow-v1,1,0.363307212,47.55704066504684,0.00015052090357451639,1
753,stabble,okx-aggregator,20,0.247351086,1.6035218126383224,0.00010247941063404464,4
753,meteora-dlmm,dflow-v1,2,0.146714688,9.623594641723328,6.078499593730405e-05,2
753,orca-whirlpool,jupiter-aggregator-v4,13,0.017162823000000004,0.1662088919685528,7.1106863296991006e-06,2
753,orca-whirlpool,photon,2,0.0014528359999999999,0.0931048657470897,6.019208544243985e-07,1
754,orca-whirlpool-v2,jupiter-aggregator-v6,38116,287542.732231834,870.218315664926,56.613655216511624,1
754,meteora-dlmm,jupiter-aggregator-v6,8459,115574.524807092,1581.139000080793,22.755213628440607,3
754,orca-whirlpool,,2644,21546.069282455,936.9799890945174,4.242158124325337,5
754,raydium-clmm,jupiter-aggregator-v6,7955,15308.609086838997,222.30748140583972,3.0140783248449283,1
754,orca-whirlpool-v2,,2222,14527.267072188999,756.3751868010753,2.8602416165399345,3
754,orca-whirlpool-v2,okx-aggregator,369,11127.356320702002,3538.903216502665,2.190840677216572,1
754,raydium-clmm,,3678,10392.026914392001,326.5909444495119,2.0460632900217104,2
754,meteora-dlmm,,2489,9976.296315488002,460.94712604545975,1.9642110080786959,4
754,meteora,jupiter-aggregator-v6,6864,6353.139647117998,108.89055161314138,1.2508556718947006,2
754,orca-whirlpool,jupiter-aggregator-v6,3296,4980.672400627001,173.26881418872074,0.98063361868645,1
754,meteora,,1015,3547.735929449999,402.5606466937228,0.6985059130173921,2
754,meteora-dlmm,okx-aggregator,144,2955.721258765,2480.2560293806746,0.5819454484591902,3
754,raydium-clmm,raydium-router,195,2212.2949834730002,1297.3654534392545,0.435573886564373,1
754,raydium-clmm,okx-aggregator,174,1448.5577219600002,961.8510605227532,0.285203339328845,1
754,meteora,okx-aggregator,131,383.07909471700003,344.1429632466171,0.07542359920081683,2
754,stabble,jupiter-aggregator-v6,621,19.790793228000002,3.7375203832360238,0.0038965656880797428,4
754,stabble,,14,6.246041835000001,53.21280176813947,0.0012297694195570741,2
754,raydium-clmm,dflow-v1,3,0.7683839640000001,29.140601225520978,0.0001512854262535121,1
754,orca-whirlpool,dflow-v1,3,0.22604378400000003,8.532926682421417,4.4505262754802645e-05,1
754,meteora-dlmm,dflow-v1,1,0.136053178,15.340152583290774,2.6787210549952273e-05,1
754,orca-whirlpool,photon,3,0.125455068,4.903345193717539,2.4700572015117355e-05,1
754,stabble,okx-aggregator,9,0.067872583,0.884461769183077,1.3363283372844928e-05,4
754,orca-whirlpool,jupiter-aggregator-v4,19,0.04906350899999999,0.29481598347208576,9.660006221262088e-06,2
755,orca-whirlpool-v2,jupiter-aggregator-v6,26357,442627.7510466359,2002.7178247094314,63.55828437023199,1
755,meteora-dlmm,jupiter-aggregator-v6,6556,170577.73549219203,3105.784292714885,24.493783306642843,4
755,raydium-clmm,jupiter-aggregator-v6,5696,16617.710751041,346.7197762201758,2.3861883557898365,1
755,orca-whirlpool-v2,,912,15752.490348740002,2049.278227258523,2.2619486888409397,1
755,meteora-dlmm,,1347,12093.638107641998,1067.8497036383906,1.7365628072316648,4
755,orca-whirlpool,,1688,10299.206855305001,725.1240708782368,1.4788948875199386,4
755,meteora,jupiter-aggregator-v6,7159,8841.203677369,146.5797032641511,1.2695357129611011,2
755,orca-whirlpool,jupiter-aggregator-v6,1894,5434.794269888999,343.1862855071483,0.7803988766689817,1
755,raydium-clmm,,1780,5290.761821906001,352.60465442682056,0.7597168130934435,1
755,orca-whirlpool-v2,okx-aggregator,342,3773.8423662630007,1313.4602154550143,0.5418976684498508,2
755,meteora,,647,3674.713470185,675.0263674083667,0.5276634444290236,2
755,meteora-dlmm,okx-aggregator,112,580.2033071659998,617.5999617404639,0.08331318292223457,4
755,raydium-clmm,raydium-router,123,392.13780027399986,378.65877373284997,0.056308276566929785,1
755,raydium-clmm,okx-aggregator,136,322.349777417,281.9809643332939,0.04628719905452116,1
755,meteora,okx-aggregator,110,114.300850573,123.30520184300352,0.01641281177535726,2
755,stabble,jupiter-aggregator-v6,287,12.651033641999998,5.232919857427837,0.0018166009516897388,4
755,stabble,,9,5.267870261,69.00241044138258,0.0007564297432377876,1
755,raydium-clmm,dflow-v1,4,0.676325486,20.001714546524806,9.7115663137656e-05,1
755,orca-whirlpool,dflow-v1,2,0.521967921,30.699101393743966,7.495098415454159e-05,1
755,phoenix,,1,0.190369035,20.961114107282366,2.733567706318943e-05,1
755,meteora-dlmm,dflow-v1,1,0.149338459,17.707288725195003,2.144397006760241e-05,1
755,stabble,okx-aggregator,10,0.063350551,0.7560285984014878,9.096701067540278e-06,4
755,orca-whirlpool,jupiter-aggregator-v4,3,0.004346367,0.17198887848507804,6.241082469641319e-07,1
755,orca-whirlpool,photon,1,1.58e-07,1.90924380034605e-05,2.2687707462423866e-11,1
756,orca-whirlpool-v2,jupiter-aggregator-v6,18696,101259.88301296398,679.415864874316,60.75708417867354,2
756,meteora-dlmm,jupiter-aggregator-v6,4018,40195.283084092,1249.0169119606146,24.117628079948794,4
756,raydium-clmm,jupiter-aggregator-v6,3888,9065.147323231,291.8444178594569,5.439191737354756,1
756,meteora,jupiter-aggregator-v6,5606,4451.357772537,98.42803686475438,2.6708654093625426,2
756,raydium-clmm,,827,2210.5664964320003,327.2395588142247,1.3263650984968993,1
756,meteora-dlmm,,747,2116.1689413930003,336.85321946763975,1.2697254893337007,4
756,orca-whirlpool,,972,2079.359065205,264.7921478778921,1.2476391439853207,7
756,orca-whirlpool,jupiter-aggregator-v6,1787,1335.7453202509996,93.42279692165394,0.8014624197557989,1
756,orca-whirlpool-v2,okx-aggregator,672,1125.8470876510003,209.75882810179814,0.6755210873388904,1
756,orca-whirlpool-v2,,492,809.2201110379999,206.4244139161186,0.48554129179782635,2
756,raydium-clmm,raydium-router,122,746.0106014020001,772.2586571353551,0.44761486542268,2
756,meteora,,253,579.97653872,285.6236868640064,0.3479925350116727,2
756,raydium-clmm,okx-aggregator,192,298.9418192499999,196.5412627372701,0.17936849951103265,1
756,meteora-dlmm,okx-aggregator,160,283.80725137,224.67151641060235,0.170287586247729,2
756,meteora,okx-aggregator,121,85.14581547200001,86.26855507120118,0.051088459952415684,2
756,stabble,jupiter-aggregator-v6,437,13.132895346,3.734152204006372,0.007879886923674178,4
756,stabble,,19,4.982779704,32.11535608837033,0.002989724626493547,1
756,raydium-clmm,dflow-v1,1,1.578136844,186.51525494266448,0.0009469000972882675,1
756,orca-whirlpool,dflow-v1,1,0.869960155,103.64644974150698,0.0005219860106164635,1
756,meteora-dlmm,dflow-v1,1,0.33706378,42.635274603700786,0.0002022421105544832,1
756,stabble,okx-aggregator,16,0.09578193299999999,0.747330419612624,5.7470251721819824e-05,4
756,orca-whirlpool,jupiter-aggregator-v4,13,0.023380803999999995,0.22864710448251435,1.4028748943065619e-05,2
756,raydium-clmm,photon,2,0.019798019,1.2690892190328866,1.1879037099025469e-05,1
757,orca-whirlpool-v2,jupiter-aggregator-v6,20861,97353.438980009,577.3612724456336,63.36762780220009,1
757,meteora-dlmm,jupiter-aggregator-v6,4229,37565.86832194701,1104.0653461464626,24.45172956222339,5
757,raydium-clmm,jupiter-aggregator-v6,3873,6956.173921883999,222.5037585040679,4.527793210261743,1
757,meteora,jupiter-aggregator-v6,6271,4629.477511616,91.36100913958096,3.0133399595157373,2
757,orca-whirlpool,,1258,1810.8909124119998,176.7876055338425,1.1787139985026496,6
757,raydium-clmm,,521,1254.3044022100003,292.972184975778,0.8164302703906087,1
757,orca-whirlpool,jupiter-aggregator-v6,1479,1183.5207910430001,97.65909782620957,0.7703570183933457,1
757,orca-whirlpool-v2,,548,841.8835862469999,187.63377614799256,0.547984398959302,1
757,meteora-dlmm,,510,715.1340235600002,172.05063844440426,0.46548275138945366,5
757,meteora,,462,432.697327072,116.37431258633087,0.28164390965721997,2
757,orca-whirlpool-v2,okx-aggregator,226,320.666988033,176.17024478818266,0.20872304624287874,1
757,raydium-clmm,raydium-router,139,209.84712148200003,186.3959103980456,0.1365900827824379,2
757,meteora-dlmm,okx-aggregator,128,198.09369370099998,195.64035437099105,0.1289397435152304,3
757,raydium-clmm,okx-aggregator,64,79.28169966499998,153.00953011714,0.05160468175067918,1
757,meteora,okx-aggregator,80,69.86153342800002,111.31580681488329,0.04547306899826638,2
757,stabble,jupiter-aggregator-v6,334,8.219482261000001,3.0270499080173856,0.005350084168560164,4
757,stabble,,12,2.332704424,23.765287210551993,0.001518363883816484,1
757,raydium-clmm,dflow-v1,5,0.8983942639999999,22.830844382234012,0.000584767358372143,1
757,orca-whirlpool,dflow-v1,1,0.08,9.79278710345299,5.207222546310853e-05,1
757,stabble,okx-aggregator,14,0.075714376,0.6643972780231076,4.9282700723382164e-05,4
757,orca-whirlpool,jupiter-aggregator-v4,14,0.018320523,0.16072559626135316,1.1924880053225816e-05,2
758,orca-whirlpool-v2,jupiter-aggregator-v6,22281,94284.95952720703,512.4641583656903,59.928178820572754,1
758,meteora-dlmm,jupiter-aggregator-v6,3185,30846.581920861,1177.2669173309096,19.606302920704714,3
758,raydium-clmm,,1539,9123.593255152,728.1481460830647,5.799019597851622,2
758,raydium-clmm,jupiter-aggregator-v6,4926,6084.078581624,149.0209951278585,3.867082841487225,1
758,meteora,jupiter-aggregator-v6,6467,5552.498796404,103.59959395869319,3.5292070171159664,2
758,orca-whirlpool,,1330,5156.945278746,480.2671828282162,3.277790438499576,4
758,meteora,,394,2158.775730068,650.878477436526,1.3721329322700293,2
758,orca-whirlpool,jupiter-aggregator-v6,2223,2019.4459551900002,109.52132102928108,1.2835739541913518,1
758,orca-whirlpool-v2,,422,902.170532408,258.08486596474165,0.5734258917213274,4
758,meteora-dlmm,,252,636.3896780940001,316.1517598591994,0.40449372433976494,3
758,raydium-clmm,raydium-router,122,550.5255072850001,537.0159044858832,0.3499178576445354,1
758,stabble,jupiter-aggregator-v6,672,11.781526881000001,2.146629053762424,0.007488420775110108,4
758,meteora-dlmm,dflow-v1,2,1.192584278,75.3801630977418,0.0007580148968506936,1
758,orca-whirlpool,dflow-v1,3,0.40442927399999995,15.91968044496263,0.0002570580713411944,1
758,stabble,,4,0.40302905199999994,12.51098648001643,0.00025616808045796893,2
758,orca-whirlpool,jupiter-aggregator-v4,7,0.10967969400000001,1.856590323266516,6.971317957792636e-05,2
758,raydium-clmm,dflow-v1,3,0.054851422000000004,2.275055640180707,3.486394693981021e-05,1
758,gamma,jupiter-aggregator-v6,1,0.015362718,1.8525044097045948,9.764650863623319e-06,1
759,orca-whirlpool-v2,jupiter-aggregator-v6,16823,110789.65198260901,804.2354572440897,54.58617784825297,2
759,meteora-dlmm,jupiter-aggregator-v6,7077,59057.701726555,1018.1310387961316,29.09779164448361,4
759,raydium-clmm,jupiter-aggregator-v6,3964,10807.085781482,333.26913580556845,5.324662510736142,1
759,meteora,jupiter-aggregator-v6,5963,6944.119865890002,143.68346313507945,3.421375148453028,2
759,raydium-clmm,,892,4826.250107803001,670.5629104112747,2.377898495123341,1
759,orca-whirlpool,,763,3453.643773142,547.5778633783277,1.7016139129567207,11
759,meteora-dlmm,,768,2747.397116401999,437.7550748379465,1.3536454437029741,4
759,orca-whirlpool,jupiter-aggregator-v6,1702,1800.7517663249998,131.68680850478842,0.8872322858510464,1
759,meteora,,349,1038.9409118359997,361.6382320698926,0.5118872780303364,3
759,raydium-clmm,raydium-router,94,779.7510428069997,1017.6466777398253,0.38418415744012757,3
759,orca-whirlpool-v2,,398,685.4874672880001,210.40821801951148,0.33774039481597884,2
759,stabble,,18,15.788529981000002,104.89388053499307,0.007779025297783452,4
759,stabble,jupiter-aggregator-v6,1309,14.100936963,1.3161080952931288,0.006947546446035834,4
759,orca-whirlpool,dflow-v1,6,1.0583583349999999,21.379213355921795,0.0005214542628093054,2
759,meteora-dlmm,dflow-v1,2,0.841472463,50.468405938590394,0.0004145943659696275,1
759,raydium-clmm,dflow-v1,4,0.24203299200000003,7.3808936789965065,0.00011924990926526841,1
759,orca-whirlpool,jupiter-aggregator-v4,9,0.015565705,0.20688413165785283,7.669239195704092e-06,3
759,gamma,jupiter-aggregator-v6,28,0.002720986,0.012158833886362231,1.3406326589230677e-06,1
760,orca-whirlpool-v2,jupiter-aggregator-v6,14000,89037.87675446802,784.4656813466328,58.73066683171223,1
760,meteora-dlmm,jupiter-aggregator-v6,5573,44320.326230274004,981.8523460073117,29.23432598107636,2
760,raydium-clmm,jupiter-aggregator-v6,3333,7525.307747569002,278.5434429049412,4.963801454378229,1
760,meteora,jupiter-aggregator-v6,4761,5794.421277788,150.0173199030613,3.8220837912251113,3
760,orca-whirlpool,jupiter-aggregator-v6,1583,1000.5032325250002,78.36385282351858,0.6599463526687057,1
760,orca-whirlpool,,615,946.0028349389999,189.74490241166686,0.6239971048935602,5
760,raydium-clmm,,519,932.437273819,221.32937771751907,0.6150490652550928,1
760,meteora,,179,778.4897065379998,535.6084580043313,0.5135030309930021,2
760,meteora-dlmm,,543,746.885897162,169.40483461680495,0.49265670281523993,3
760,orca-whirlpool-v2,,480,358.361478762,92.32919600838656,0.2363803965421333,2
760,raydium-clmm,raydium-router,89,82.01154195000002,114.08178679783703,0.05409599512242122,2
760,orca-whirlpool,dflow-v1,9,56.094934085,760.6432372724206,0.037001027032326134,1
760,stabble,jupiter-aggregator-v6,1209,18.573100839000002,1.8919737092765219,0.012251085012001547,4
760,stabble,,13,2.985961583,28.343527035094294,0.0019695832975337086,1
760,raydium-clmm,dflow-v1,13,2.1092926220000003,20.103953487890593,0.001391319815216217,1
760,meteora-dlmm,dflow-v1,7,1.2940255120000002,22.71603275472066,0.0008535578788180633,2
760,orca-whirlpool,jupiter-aggregator-v4,26,0.039770398,0.1892706349243762,2.6233127741170944e-05,3
760,gamma,jupiter-aggregator-v6,4,0.0007385439999999999,0.022898458162753994,4.871542672134021e-07,1
761,orca-whirlpool-v2,jupiter-aggregator-v6,21118,137077.11964471903,874.5537105662968,64.85056127203806,2
761,meteora-dlmm,jupiter-aggregator-v6,3621,32614.599541917,1216.5461450955906,15.429818568102348,4
761,raydium-clmm,jupiter-aggregator-v6,6271,12451.417846954999,266.5511866852478,5.8907090993782205,1
761,meteora,jupiter-aggregator-v6,8315,8366.92202363,133.3874510885919,3.9583527196815154,2
761,orca-whirlpool,,625,7669.988578712001,1657.1611128975244,3.628636679620788,8
761,meteora-dlmm,,425,4067.9229583650003,1315.7416211672628,1.9245158327306822,5
761,raydium-clmm,,1101,3058.680631146,376.9443204662511,1.4470478822128616,1
761,orca-whirlpool,jupiter-aggregator-v6,2097,1858.3961715139997,118.12176831600515,0.8791987685534405,1
761,orca-whirlpool-v2,,819,1697.798341426,277.49019628925413,0.8032206662467116,2
761,meteora,,204,1353.2561055619997,879.0070005229899,0.6402193029585521,3
761,raydium-clmm,raydium-router,73,834.5905698729999,1530.409619502402,0.3948409992046349,1
761,orca-whirlpool,dflow-v1,59,171.58784043,392.63867296003707,0.08117742616844591,2
761,raydium-clmm,dflow-v1,120,84.103096879,95.55911652763982,0.039788792261290166,1
761,meteora-dlmm,dflow-v1,50,40.153283454,109.43605492199993,0.018996335607694235,2
761,stabble,jupiter-aggregator-v6,1717,26.588437451,2.101143105286783,0.0125788687164777,4
761,stabble,,8,0.6093627859999999,10.293798580773492,0.00028828675998456645,3
761,invariant,jupiter-aggregator-v6,16,0.09223320400000001,0.7585221774074624,4.363510892861705e-05,1
761,orca-whirlpool,jupiter-aggregator-v4,10,0.008671777,0.11505403044226115,4.102578221175922e-06,2
761,gamma,jupiter-aggregator-v6,17,0.0016108189999999999,0.01298022842858159,7.620711357840933e-07,1
762,orca-whirlpool-v2,jupiter-aggregator-v6,16339,109844.24234191299,890.8558112554141,53.972211728767896,1
762,meteora-dlmm,jupiter-aggregator-v6,4535,59506.273839412985,1744.288203162747,29.238539429802824,4
762,raydium-clmm,jupiter-aggregator-v6,5814,20123.658471501,456.81207494228954,9.887804154545462,1
762,meteora,jupiter-aggregator-v6,5095,5821.304391498002,151.63857751363713,2.860310804252799,2
762,orca-whirlpool,dflow-v1,105,2075.5222193179998,2599.5316220230616,1.0198124387813263,2
762,orca-whirlpool,jupiter-aggregator-v6,1934,1668.9417610190003,115.28569751004348,0.8200382302089035,1
762,raydium-clmm,,815,1042.00522856,168.35927408619918,0.5119915766114252,2
762,raydium-clmm,dflow-v1,239,887.2706553369998,488.49896137599353,0.43596240139296505,1
762,orca-whirlpool-v2,,625,830.7199878109998,176.62896555227766,0.4081761056705553,2
762,orca-whirlpool,,257,748.2035462070003,382.4523296419367,0.3676314693527697,5
762,meteora-dlmm,,274,374.51038305900005,181.78160336449494,0.18401650608290132,5
762,meteora-dlmm,dflow-v1,98,212.35809916299996,284.46897039608,0.10434262229847263,2
762,meteora,,146,180.82340526100006,166.10979494312286,0.08884798061499863,3
762,raydium-clmm,raydium-router,73,126.05728682899999,227.47614111125938,0.06193852704187467,1
762,stabble,jupiter-aggregator-v6,4339,71.14666271200002,2.1716305789229136,0.0349580702804129,4
762,stabble,,31,6.943821527999999,30.055701660867808,0.0034118620851280724,3
762,orca-whirlpool,photon,1,0.0099,1.2917380360791817,4.864386923909995e-06,1
762,orca-whirlpool,jupiter-aggregator-v4,2,0.001244451,0.0803267020607348,6.114637547319916e-07,1
762,gamma,jupiter-aggregator-v6,10,0.001130028,0.015088109692725333,5.552417602880973e-07,1
762,gamma,,1,0.000124385,0.01620123288903439,6.111684520510552e-08,1
763,orca-whirlpool-v2,jupiter-aggregator-v6,18005,245249.957300024,1726.9246746321237,59.76763558267745,2
763,meteora-dlmm,jupiter-aggregator-v6,4987,93387.735616424,2358.6362210264438,22.758675319097847,4
763,raydium-clmm,jupiter-aggregator-v6,6918,40041.51066996701,735.0268462388286,9.758152230684383,1
763,raydium-clmm,,744,7975.896236791999,1371.992562506641,1.9437330997887434,2
763,meteora,jupiter-aggregator-v6,5643,7572.433384903,171.83974238918802,1.8454088392330124,2
763,orca-whirlpool,,332,6231.103704661,2412.6668501501,1.5185255875190875,10
763,orca-whirlpool-v2,,3883,4649.132505612001,146.32690713895244,1.132997780835785,3
763,orca-whirlpool,jupiter-aggregator-v6,1993,2521.9398094619996,157.26217504380597,0.6145990040233824,2
763,meteora-dlmm,,668,1091.698309147,200.8998055303279,0.2660478616414285,3
763,meteora,,203,615.983546695,391.4815737727991,0.1501157453770873,2
763,orca-whirlpool,dflow-v1,147,387.6846564009999,326.716238881811,0.0944791000979645,2
763,raydium-clmm,dflow-v1,195,269.12515316699995,171.70335008473185,0.06558604232880709,1
763,raydium-clmm,raydium-router,121,154.04814691500002,156.28321355064668,0.03754167221215486,1
763,meteora-dlmm,dflow-v1,103,123.200207993,146.83377764208336,0.030024001700549814,2
763,stabble,jupiter-aggregator-v6,4820,63.144900400999994,1.609840598241918,0.01538846912602933,4
763,stabble,,41,2.3130595640000005,6.95771450060437,0.000563694699987478,1
763,meteora-dlmm-v2,,9,2.1533954549999996,28.76545697236765,0.0005247844127548041,2
763,orca-whirlpool,jupiter-aggregator-v4,5,0.003382733,0.08228690599125657,8.243750801969149e-07,2
763,gamma,jupiter-aggregator-v6,11,0.001477912,0.017394529498396462,3.6016848610989484e-07,1
764,orca-whirlpool-v2,jupiter-aggregator-v6,19596,179522.58992011,1082.3181552377696,54.26734324120576,1
764,meteora-dlmm,jupiter-aggregator-v6,7673,79663.318560501,1229.4300547480577,24.08118473547017,5
764,raydium-clmm,jupiter-aggregator-v6,8975,49092.453653038,647.519358355207,14.840010018393599,1
764,meteora,jupiter-aggregator-v6,5378,4811.365319579999,105.62980250935831,1.4544131374924707,2
764,orca-whirlpool-v2,,1172,3314.4012130510005,336.0902875827484,1.0019003644485587,1
764,raydium-clmm,,827,2626.7121443260003,376.59894915474786,0.7940209062013698,2
764,orca-whirlpool,,375,2569.381852623,809.621410273558,0.7766907049194605,12
764,meteora-dlmm,,550,2548.034108411,550.951239980763,0.7702375595905433,4
764,orca-whirlpool,dflow-v1,133,2154.00300616,1924.8428070103764,0.6511270839502276,1
764,raydium-clmm,raydium-router,124,1982.0844155070001,1903.1908702929818,0.5991583307550866,1
764,orca-whirlpool,jupiter-aggregator-v6,1633,1061.289004811,76.9764627656016,0.32081385817699054,2
764,meteora,,260,1050.5472523649998,478.45988471246596,0.317566766168912,4
764,raydium-clmm,dflow-v1,225,210.05790671899996,110.69747572737838,0.06349777222756194,1
764,meteora-dlmm,dflow-v1,154,117.58543846099997,90.45205187348527,0.03554454819290661,2
764,stabble,jupiter-aggregator-v6,4584,73.908066525,1.9115735718464586,0.022341446924261186,4
764,meteora-dlmm-v2,,11,7.649644601,82.47142813869856,0.0023123880366278144,3
764,stabble,,78,6.051497346000001,9.224914328844925,0.001829288914251792,4
764,phoenix,,1,0.017488251,2.17518865938,5.286470745145198e-06,1
764,orca-whirlpool,jupiter-aggregator-v4,7,0.006643916,0.1129838223319765,2.0083693656502357e-06,2
764,gamma,jupiter-aggregator-v6,5,0.0018329969999999998,0.04333833803390086,5.540911447599254e-07,1
765,orca-whirlpool-v2,jupiter-aggregator-v6,16153,83682.880756722,618.238622311385,31.513905035714934,1
765,orca-whirlpool,jupiter-aggregator-v6,8059,73231.77193447699,1081.7014392921171,27.578150817362506,1
765,meteora-dlmm,jupiter-aggregator-v6,4765,49201.939948532,1230.1265396055671,18.52882273040577,4
765,raydium-clmm,jupiter-aggregator-v6,9057,36149.024251878,475.99717136418775,13.613261244187402,1
765,meteora,jupiter-aggregator-v6,5028,5577.527585033999,132.47493157868308,2.1004257150256245,3
765,orca-whirlpool,,1324,5358.214452853001,485.5180486097593,2.017835188048791,8
765,raydium-clmm,,2282,3917.9863718349998,205.6122265687357,1.4754636711441775,1
765,orca-whirlpool-v2,,1565,3121.589009429,241.02047625951818,1.1755505870987226,3
765,meteora-dlmm,,714,2584.8198665719992,439.55938873380506,0.9734101774816836,4
765,orca-whirlpool,dflow-v1,174,881.473082296,606.3530992768191,0.3319515145250745,1
765,raydium-clmm,dflow-v1,338,685.1708544689999,243.7319389108422,0.258026600491299,1
765,meteora,,827,406.569135511,59.087784927936255,0.15310874830175075,4
765,raydium-clmm,raydium-router,134,236.206283009,212.99303578389978,0.08895227200919341,1
765,meteora-dlmm,dflow-v1,126,215.44390083300001,209.48957756632018,0.08113342382551486,2
765,orca-whirlpool,dflow-v2,11,113.86918550300001,1266.6058556622818,0.042881682202933716,1
765,stabble,jupiter-aggregator-v6,7356,83.04144370400002,1.3533165289217886,0.03127234802688496,4
765,raydium-clmm,dflow-v2,16,69.360815668,491.55299089784194,0.026120398083756206,1
765,stabble,,522,18.194244063,4.194740815332467,0.0068517201417202045,3
765,meteora-dlmm,dflow-v2,2,3.5359840979999997,210.29383209918993,0.0013316064894577503,1
765,meteora-dlmm-v2,,8,3.3205325400000003,50.16121263417641,0.0012504701820408549,2
765,orca-whirlpool,photon,5,0.643436908,15.456640512845107,0.0002423101288080028,1
765,orca-whirlpool,jupiter-aggregator-v4,20,0.131436866,0.7717690281191733,4.9497446501126434e-05,3
765,meteora-dlmm-v2,photon,1,0.005952606,0.7126970371779999,2.241675459815697e-06,1
766,orca-whirlpool,jupiter-aggregator-v6,12411,432207.1680947669,3845.080686061977,51.233206440101874,1
766,meteora-dlmm,jupiter-aggregator-v6,8057,220218.47248783798,3007.0824179912397,26.104376085728102,4
766,orca-whirlpool-v2,jupiter-aggregator-v6,12199,75419.086190812,681.2486993521535,8.940068322722693,1
766,raydium-clmm,jupiter-aggregator-v6,7986,59858.98257500101,834.6771839572485,7.095596366618011,1
766,orca-whirlpool-v2,,757,13352.528917252002,1951.6522440803847,1.5827892756396993,2
766,meteora,jupiter-aggregator-v6,7044,11857.622476216,186.12916474426007,1.4055852495245136,2
766,raydium-clmm,,3998,11419.196393427,318.82714312785095,1.3536148620196748,2
766,orca-whirlpool,,4583,7782.155523009,188.49605218733635,0.9224853493681021,10
766,meteora-dlmm,,2381,3993.820662219,184.69179605166775,0.47342166807225583,4
766,meteora,,1514,2437.790607946001,178.4264534619459,0.28897213811885214,2
766,orca-whirlpool,dflow-v1,218,1342.3635811300003,681.734484478957,0.1591218183004042,2
766,raydium-clmm,raydium-router,140,1137.7289371320003,920.9289421135522,0.13486472648269626,1
766,raydium-clmm,dflow-v1,241,733.699635216,342.4858135330938,0.08697168314387312,1
766,meteora-dlmm,dflow-v2,38,683.7178909239998,1960.5411800163304,0.08104692017699201,1
766,orca-whirlpool,dflow-v2,41,553.4266297130001,1529.631387965897,0.06560238437165165,1
766,meteora-dlmm,dflow-v1,198,364.409199159,203.76683936148945,0.0431965342256694,2
766,raydium-clmm,dflow-v2,22,219.07904588,1127.7991451912376,0.025969310119839474,1
766,stabble,jupiter-aggregator-v6,1749,19.9718565,1.279286920426079,0.002367434699352872,4
766,stabble,,179,5.650150091,3.5495348250425516,0.0006697605393862702,4
766,meteora-dlmm-v2,,9,0.488602366,6.075555308689577,5.7918210831041756e-05,2
766,orca-whirlpool,jupiter-aggregator-v4,23,0.13288349600000002,0.6383602120712729,1.5751815531105912e-05,2
767,orca-whirlpool,jupiter-aggregator-v6,10220,104121.93820788799,1078.3375492380537,47.69725946112895,1
767,meteora-dlmm,jupiter-aggregator-v6,3573,38354.51023294501,1133.3400904186026,17.56983261714497,3
767,raydium-clmm,jupiter-aggregator-v6,5382,34729.87502036499,690.522063022237,15.909422052743125,1
767,orca-whirlpool-v2,jupiter-aggregator-v6,5902,10021.095180161,183.80762945251354,4.590567416623423,1
767,meteora-dlmm,,1129,7485.3516478050005,713.7866729168643,3.428967668564746,5
767,orca-whirlpool,,3483,5704.702189159,176.37515337545406,2.613269260523367,7
767,raydium-clmm,,3921,5492.929648692999,151.94004445084732,2.516258294504065,1
767,meteora,jupiter-aggregator-v6,4409,4549.285765934001,112.92264610476926,2.0839840985992746,2
767,orca-whirlpool-v2,,490,1656.8841716289996,359.6378659213215,0.7590027192294343,3
767,raydium-clmm,dflow-v1,277,1208.487547166,468.3854376163581,0.5535965338796704,1
767,raydium-clmm,raydium-router,108,1151.5912275259998,1189.0420625689085,0.5275328765279018,3
767,orca-whirlpool,dflow-v1,204,1047.2205470729996,551.5016901539956,0.4797216706342701,1
767,orca-whirlpool,dflow-v2,22,838.0952865930001,4018.119732082041,0.38392339814076926,1
767,raydium-clmm,dflow-v2,33,784.5802634470002,2582.751577704319,0.3594086802244857,1
767,meteora,,918,720.543868445,88.35556591379864,0.3300742229531712,2
767,meteora-dlmm,dflow-v1,122,232.623830287,199.33595408852182,0.10656274154143723,2
767,meteora-dlmm,dflow-v2,20,168.00310185700002,863.3420666247454,0.0769606067411905,1
767,stabble,jupiter-aggregator-v6,2186,17.113441164999998,0.8509757930761153,0.007839502967088754,4
767,meteora-dlmm-v2,,3,9.977370645,335.87803147783677,0.004570537627183396,2
767,stabble,,141,2.6113966390000005,2.0111612515035153,0.001196255709316666,4
767,orca-whirlpool,jupiter-aggregator-v4,19,0.10398029,0.6109432441383936,4.763237177808998e-05,2
767,invariant,jupiter-aggregator-v6,1,0.003823744,0.3811759354044938,1.7516203868275507e-06,1
768,orca-whirlpool,jupiter-aggregator-v6,19054,171499.237437878,899.0015582999099,45.48570364215187,2
768,raydium-clmm,jupiter-aggregator-v6,11145,63252.341117155,568.3065787555108,16.776035192397696,1
768,orca-whirlpool-v2,jupiter-aggregator-v6,10789,49725.404860776,459.11584409398176,13.188367848006106,1
768,meteora-dlmm,jupiter-aggregator-v6,4430,48932.950324445985,1116.2542484505732,12.978189932769354,5
768,raydium-clmm,,6079,10604.251863497,172.41509806468488,2.8125014712352843,2
768,orca-whirlpool,,5548,7941.554213318999,141.72544273130413,2.1062903066024274,7
768,meteora,jupiter-aggregator-v6,8084,7689.628858858001,95.53360417448702,2.039473671239207,2
768,orca-whirlpool-v2,,1333,4050.2380241320006,299.7524748524593,1.074220090993557,2
768,meteora-dlmm,,1460,3658.8106998330004,247.1008842358909,0.9704041934041927,5
768,raydium-clmm,dflow-v2,278,1759.2075709619999,626.1251723745577,0.46658396511408695,1
768,raydium-clmm,raydium-router,165,1719.1969467560002,1031.242048657865,0.4559721896778794,1
768,orca-whirlpool,dflow-v1,221,1275.526790835,573.9089906935874,0.33830024239356593,1
768,meteora,,2012,1260.665346483,62.62665633317995,0.33435863155267653,3
768,orca-whirlpool,dflow-v2,200,1213.0607110499998,604.6681380243903,0.32173274253038586,1
768,raydium-clmm,dflow-v1,331,1192.956735777,349.16331370731695,0.3164006869774971,2
768,meteora-dlmm,dflow-v2,104,596.931538732,557.8806216228824,0.1583205352458354,2
768,meteora-dlmm,dflow-v1,148,390.86273395099994,260.6088113861009,0.1036661547121828,2
768,meteora-dlmm-v2,,20,232.13580154899998,1213.2149522166515,0.061567972148073934,2
768,stabble,jupiter-aggregator-v6,2411,32.006519956999995,1.313252032805817,0.008488895362628469,4
768,stabble,,387,12.029691756000002,3.072590967937291,0.003190562257269848,4
768,orca-whirlpool,jupiter-aggregator-v4,32,0.80604919,2.5281897153145243,0.00021378354286045862,3
768,pumpswap,,6,0.034452176,0.5726498485047373,9.137541896831463e-06,1
768,pumpswap,jupiter-aggregator-v6,4,0.030736831000000003,0.768569533017297,8.15214345353188e-06,1
769,orca-whirlpool,jupiter-aggregator-v6,16564,148460.72985341202,944.3804472165805,53.170483684742685,2
769,raydium-clmm,jupiter-aggregator-v6,9693,54292.357780004,587.0674952870628,19.444542178919985,1
769,meteora-dlmm,jupiter-aggregator-v6,2553,30056.418520355997,1236.1373893504856,10.764559167507404,2
769,orca-whirlpool-v2,jupiter-aggregator-v6,6487,15110.769251636999,239.68685644406133,5.411848040565262,1
769,meteora,jupiter-aggregator-v6,7626,8227.863742748,112.53381108886754,2.946769124239315,2
769,raydium-clmm,,4155,5628.793093558999,139.0453550676165,2.015924693630305,3
769,orca-whirlpool,dflow-v2,271,5052.666555069001,1958.149235127325,1.8095877939978147,1
769,orca-whirlpool,,4589,4826.474909193,108.99588736349006,1.7285783632308365,9
769,raydium-clmm,dflow-v2,494,2353.171798714,489.7987558320932,0.8427769609812664,1
769,orca-whirlpool-v2,,863,1768.51701094,208.77272214826303,0.6333857106133178,4
769,meteora-dlmm,,779,1646.3985661650004,219.08103006735038,0.5896495873844582,2
769,meteora,,2432,1448.850642898,61.495847768556835,0.5188987656594534,2
769,meteora-dlmm,dflow-v2,100,169.64203343399998,179.10172866828793,0.06075646388007951,2
769,raydium-clmm,raydium-router,135,148.342000021,119.88678214168134,0.05312796117644444,1
769,stabble,jupiter-aggregator-v6,1688,13.211240393999997,0.8297297853844364,0.004731541078357741,4
769,stabble,,256,10.346885193999999,4.326542728377855,0.00370568628443826,4
769,meteora-dlmm-v2,,4,1.7386042640000001,45.28775735580283,0.0006226726067190455,1
769,orca-whirlpool,jupiter-aggregator-v4,35,0.09377384499999997,0.2694178318296761,3.3584643565683616e-05,4
769,pumpswap,jupiter-aggregator-v6,3,0.027980318999999997,1.0002523999719242,1.0021014286756881e-05,1
769,pumpswap,,2,0.022331294999999998,1.2053045680485965,7.997843993014608e-06,1
770,orca-whirlpool,jupiter-aggregator-v6,17843,170482.094351306,1097.686246779212,54.875350205106535,3
770,raydium-clmm,jupiter-aggregator-v6,12027,58601.191796906,557.0826625702571,18.86274880965057,1
770,meteora-dlmm,jupiter-aggregator-v6,5134,43269.543682773,956.4957164190926,13.927746323402285,4
770,meteora,jupiter-aggregator-v6,9507,9185.505468082,110.22344305728984,2.9566614094570416,2
770,orca-whirlpool-v2,jupiter-aggregator-v6,7109,5676.972153330001,92.43580567221466,1.8273228998270754,1
770,raydium-clmm,,3984,4795.948252702001,139.51060365425124,1.543735962031692,1
770,orca-whirlpool,dflow-v2,269,4295.776861829,1872.3970483421604,1.3827391116517807,1
770,orca-whirlpool,,5110,3660.881734638,83.3247623662333,1.1783769316780404,8
770,orca-whirlpool-v2,,1030,3267.6290631449997,356.529057342267,1.0517954384755737,4
770,raydium-clmm,dflow-v2,442,2519.7038405700005,659.3527353553849,0.8110507510513315,1
770,meteora,,2833,1928.4603216510002,75.33152544222963,0.6207392976366279,3
770,meteora-dlmm,,1648,1913.633735341,132.5969002540431,0.615966866143436,4
770,raydium-clmm,raydium-router,169,460.7325158590001,321.2001208511172,0.14830213257788236,2
770,gamma,jupiter-aggregator-v6,1314,248.580079356,23.40489413398882,0.08001379241953907,1
770,meteora-dlmm,dflow-v2,126,172.795982669,154.59351454578612,0.05562015236308161,2
770,gamma,,151,162.585365769,133.16244312273676,0.052333524636400425,1
770,stabble,,177,10.928273586,7.2476016553453215,0.0035176294756984923,4
770,stabble,jupiter-aggregator-v6,1362,10.874503946,0.9346865176253507,0.0035003219230394884,4
770,meteora-dlmm-v2,,11,4.8286463379999995,50.83952224622556,0.0015542609317570559,1
770,orca-whirlpool,jupiter-aggregator-v4,30,2.6967108589999995,10.182941150787343,0.0008680263657753744,3
770,pumpswap,,6,0.161794808,3.3615890706452696,5.2079057241473626e-05,1
770,pumpswap,jupiter-aggregator-v6,5,0.012657186,0.28904891009735495,4.074137621338124e-06,1
771,orca-whirlpool,jupiter-aggregator-v6,19374,222279.508655616,1419.4786992395857,43.76835357158719,3
771,raydium-clmm,jupiter-aggregator-v6,14196,99899.40431293199,870.6920159472904,19.670875088777006,1
771,meteora-dlmm,jupiter-aggregator-v6,6313,92064.700783023,1800.7988341099795,18.128168447487358,6
771,orca-whirlpool,,5957,27644.399097029,569.1313458681108,5.443371011888644,6
771,meteora,jupiter-aggregator-v6,10382,15923.862865117002,190.0981984316362,3.135517368745539,2
771,raydium-clmm,raydium-router,120,10340.507524563998,10583.283840380776,2.0361165641497836,4
771,orca-whirlpool-v2,jupiter-aggregator-v6,8634,9846.623301832,140.48301294273944,1.9388673871352093,1
771,orca-whirlpool,dflow-v2,108,8215.647796381001,9425.713820820525,1.6177171694614043,1
771,raydium-clmm,,4643,7817.554016213,206.91362703231124,1.5393297849002925,3
771,raydium-clmm,dflow-v2,131,4191.288715038001,3965.1106108996555,0.8252933772883421,1
771,meteora-dlmm,,2009,3326.857279448,202.93688855670484,0.6550809229774217,5
771,orca-whirlpool-v2,,1102,2946.9486469120006,328.54491999421657,0.5802743182017381,1
771,meteora,,2317,1841.0965626639993,98.62775445875606,0.3625244891060084,2
771,gamma,jupiter-aggregator-v6,4557,782.0979119599999,21.404802147511255,0.15400042111529333,1
771,gamma,,691,549.879383785,99.24476914655621,0.10827500671020715,1
771,meteora-dlmm,dflow-v2,56,105.08621566399998,234.1067646460035,0.020692193673183236,2
771,stabble,jupiter-aggregator-v6,1141,28.432517988000008,3.0833023643314803,0.0055985570048985075,4
771,stabble,,104,26.658358429000003,31.815722669468244,0.005249212869038319,4
771,meteora-dlmm-v2,,10,23.069023303999998,284.67862855391445,0.004542448265372959,1
771,orca-whirlpool,jupiter-aggregator-v4,19,0.44182923399999996,2.906300542458064,8.699919416295211e-05,3
771,pumpswap,,3,0.188400846,7.479037908216526,3.709741348083464e-05,1
771,raydium-clmm,jupiter-aggregator-v4,1,0.075401717,9.315151827988805,1.484711312131729e-05,1
771,pumpswap,jupiter-aggregator-v6,26,0.069651902,0.32880875967087897,1.3714935272745926e-05,1
772,orca-whirlpool,jupiter-aggregator-v6,16663,114675.536608537,833.8921913417969,40.73389432800278,3
772,meteora-dlmm,jupiter-aggregator-v6,6599,54274.122017951,994.9111195695345,19.27870944760648,3
772,raydium-clmm,jupiter-aggregator-v6,9168,41435.35254560201,547.792122332854,14.718250482644295,2
772,orca-whirlpool-v2,,1329,12593.480796421,1162.6541330295574,4.473329980868444,2
772,orca-whirlpool,dflow-v2,287,12375.028601738002,5109.040097108339,4.395733582568486,1
772,meteora,jupiter-aggregator-v6,9511,10127.059456825,129.04577337030886,3.5972325220146497,2
772,meteora-dlmm,dflow-v2,178,8011.552245962001,5414.0560401203,2.84578326155393,2
772,raydium-clmm,dflow-v2,353,7567.8122096239995,2539.7894544556416,2.6881623749737433,1
772,orca-whirlpool-v2,jupiter-aggregator-v6,6039,4558.291057259,91.77920955821915,1.6191504459796484,1
772,raydium-clmm,,3277,4453.372709175999,164.0045879624979,1.5818824023299327,2
772,orca-whirlpool,,6447,3985.7958002570003,74.95118494496866,1.4157944208702251,9
772,raydium-clmm,raydium-router,114,2582.731724654,2708.54959693667,0.9174120676563242,1
772,meteora-dlmm,,2675,2166.8061144820003,98.02362596056132,0.7696711426594661,5
772,meteora,,2764,1068.8751834290001,46.91955889256068,0.3796751256569241,3
772,gamma,jupiter-aggregator-v6,4443,852.0310113679999,23.11243503391145,0.3026499130300274,1
772,gamma,,1078,735.272266726,82.17637052752238,0.2611760424315146,1
772,meteora-dlmm-v2,,11,25.798886919,287.9364730409317,0.009164021940669132,1
772,stabble,jupiter-aggregator-v6,1431,20.649500332000002,1.7537117479909141,0.00733490846719202,4
772,stabble,,236,12.061548194000002,6.249832395854534,0.004284382215220723,4
772,pumpswap,,9,1.482232926,21.355944454178935,0.0005265039184710962,1
772,orca-whirlpool,jupiter-aggregator-v4,42,0.5125431270000002,1.4647203072502308,0.00018206043059586493,2
772,pumpswap,jupiter-aggregator-v6,4,0.001638977,0.048466051768988626,5.821809768541074e-07,1
773,orca-whirlpool,jupiter-aggregator-v6,13162,86111.86068089599,824.0293992867242,47.3689443979111,2
773,raydium-clmm,jupiter-aggregator-v6,7139,40467.972364017,714.380884855937,22.26087228460732,1
773,meteora-dlmm,jupiter-aggregator-v6,3775,27465.882051029006,919.2065346074983,15.108602106926863,3
773,meteora,jupiter-aggregator-v6,6869,6474.826646360002,118.46306640689664,3.5617126487847814,2
773,orca-whirlpool-v2,,992,4104.770424438,522.0005321726569,2.257977477944917,5
773,orca-whirlpool,,4863,3068.61548017,79.39816845298651,1.6880029639284015,10
773,meteora-dlmm,,1949,2977.994772873001,192.62812479209728,1.6381537653242975,7
773,orca-whirlpool-v2,jupiter-aggregator-v6,3634,2298.925725145,79.50453488432892,1.264607267666207,1
773,raydium-clmm,,2589,1807.099593452,87.79619001295171,0.9940605102115286,2
773,orca-whirlpool,dflow-v2,131,1487.611992527,1407.7481877070002,0.8183147966202327,1
773,meteora,,1898,1348.591794642,88.8147164932111,0.7418417071789996,2
773,gamma,jupiter-aggregator-v6,6996,954.778347933,17.13163332123905,0.525210373088609,1
773,gamma,,1339,935.14318308,87.70606440619828,0.5144093402830093,1
773,raydium-clmm,dflow-v2,247,812.2160079089999,407.85583769130363,0.4467888002130954,1
773,meteora-dlmm,dflow-v2,100,517.151963765,641.6088438630477,0.28447814764603613,2
773,meteora-dlmm,dflow-v4,38,382.39289933099997,1270.2860970668578,0.210349048822547,2
773,raydium-clmm,raydium-router,82,327.73836001300003,505.5733962741466,0.18028434213084568,1
773,raydium-clmm,dflow-v4,170,166.185396251,123.67646542491386,0.09141628960881182,1
773,orca-whirlpool,dflow-v4,97,46.431020431,60.460723780663606,0.025541062610231695,1
773,meteora-dlmm-v2,,13,21.563514399000002,207.20165816029976,0.01186179123889718,1
773,stabble,jupiter-aggregator-v6,1056,8.279680538,0.9863761487536431,0.004554537829467649,4
773,stabble,,188,2.482211337,1.6604503411714195,0.0013654301495345897,4
773,pumpswap,,16,1.075660385,8.797769043528438,0.0005917059109536186,1
773,orca-whirlpool,jupiter-aggregator-v4,8,0.080668468,1.2778118620419388,4.437460931795199e-05,2
773,pumpswap,jupiter-aggregator-v6,5,0.026957147,0.6741321968994461,1.4828753986645706e-05,1
774,orca-whirlpool,jupiter-aggregator-v6,11350,149783.80445081298,1724.3980703615016,49.03017398216086,2
774,meteora-dlmm,jupiter-aggregator-v6,4410,61119.424647591986,1810.7255247741236,20.006809382018876,4
774,raydium-clmm,jupiter-aggregator-v6,6138,50192.504679046,1069.1407419378013,16.429995526133073,1
774,meteora,jupiter-aggregator-v6,6032,8766.813566371002,188.66312827750122,2.8697254419752145,2
774,orca-whirlpool,,2752,7899.139921429999,374.253852133777,2.585701478722476,7
774,raydium-clmm,,1870,6837.714487323001,476.34369868000215,2.2382548779756872,2
774,orca-whirlpool-v2,,596,6197.181418600001,1355.6429468580466,2.0285830251611245,4
774,meteora-dlmm,,1212,5731.541435831001,616.6647825450177,1.8761606090533025,6
774,orca-whirlpool,dflow-v4,173,2642.8391830870005,1988.7393344766385,0.8651059801073453,1
774,raydium-clmm,dflow-v4,355,1464.2701669759997,536.7826564993935,0.47931364346735505,1
774,orca-whirlpool-v2,jupiter-aggregator-v6,1749,1254.570561262,93.50458793480146,0.4106706537272708,1
774,meteora,,1014,1192.4556175409998,153.5471228493634,0.3903379715077263,3
774,gamma,,2055,1089.529082868,68.85814663920027,0.3566460385187008,1
774,gamma,jupiter-aggregator-v6,10384,957.5533728109999,11.992128157596882,0.3134451594300751,1
774,raydium-clmm,raydium-router,69,164.19471755899997,311.062181922805,0.05374743683662547,1
774,meteora-dlmm-v2,,42,120.038715776,373.2556701399421,0.039293427888761924,2
774,meteora-dlmm,dflow-v4,141,69.892284253,64.75409351585789,0.02287851393212914,2
774,stabble,jupiter-aggregator-v6,1138,6.548108253000001,0.7473106686439103,0.002143455282603959,4
774,pumpswap,,5,1.73394642,48.099646140331934,0.0005675893662873479,1
774,stabble,,84,0.8920650450000001,1.3827327592601353,0.0002920082349364893,4
774,orca-whirlpool,jupiter-aggregator-v4,15,0.469224195,4.109459830935384,0.00015359567078591788,2
774,pumpswap,jupiter-aggregator-v6,2,0.000619628,0.04052584213045593,2.0282879551370266e-07,1
775,orca-whirlpool,jupiter-aggregator-v6,18118,96721.52251042602,702.1058890861079,49.70158086649457,3
775,meteora-dlmm,jupiter-aggregator-v6,5742,38154.174550116004,872.8336267015966,19.60600642522482,3
775,raydium-clmm,jupiter-aggregator-v6,8567,27780.631920694,427.14464807012746,14.275429998321803,2
775,meteora,jupiter-aggregator-v6,6781,6147.273080483001,118.31913085718989,3.1588542259052708,2
775,orca-whirlpool,dflow-v4,230,4908.154822294002,2802.8004253739414,2.5221175956905038,1
775,orca-whirlpool,,5503,4516.729812633001,109.10616876359077,2.3209788908201623,4
775,meteora-dlmm,dflow-v4,149,3187.7747881570003,2810.8562136443384,1.6380784990298214,2
775,raydium-clmm,dflow-v4,297,2692.0047860500003,1189.7883264170143,1.383320796593457,1
775,meteora-dlmm,,2067,2459.6452001260004,159.42590682611882,1.2639198768171787,3
775,raydium-clmm,,2754,2106.0988370970003,100.85302746220533,1.0822455948573724,2
775,orca-whirlpool-v2,jupiter-aggregator-v6,3329,1857.3587052799999,73.32853968596028,0.9544273238524619,1
775,orca-whirlpool-v2,,735,1019.669206934,184.31895127265048,0.5239699523964965,2
775,gamma,,1936,936.929840136,63.53558785509203,0.4814532795503875,1
775,gamma,jupiter-aggregator-v6,8742,915.1947430130002,13.756331224934387,0.47028442427121786,1
775,raydium-clmm,raydium-router,178,651.9381978090001,478.24242730459196,0.335006710164927,2
775,meteora,,1370,484.70948378799994,46.520743989555754,0.24907411483984102,2
775,meteora-dlmm-v2,,33,35.217235720999994,140.53804660122486,0.018096823164596116,2
775,stabble,jupiter-aggregator-v6,2199,22.137656477999993,1.327228565717841,0.011375715508586938,4
775,stabble,,165,7.321804348,5.909075703047268,0.0037624020119363466,3
775,orca-whirlpool,jupiter-aggregator-v4,29,0.027615532,0.1256071833769596,1.4190591310443001e-05,3
775,pumpswap,,2,0.00286403,0.19075596185962307,1.4717181342314195e-06,1
775,pumpswap,jupiter-aggregator-v6,1,0.00159999,0.21348471896178542,8.221751509547486e-07,1
776,orca-whirlpool,jupiter-aggregator-v6,21612,192566.873570699,1252.0002554959121,48.9431974097154,3
776,meteora-dlmm,jupiter-aggregator-v6,6637,73826.994010132,1564.5338907061089,18.76402246660129,2
776,raydium-clmm,jupiter-aggregator-v6,9911,66582.917805152,943.8672559691034,16.922852979985574,1
776,orca-whirlpool-v2,,1110,18567.294828131,2355.503901500667,4.719102300863639,4
776,meteora,jupiter-aggregator-v6,9970,11489.9974729,161.2407232445839,2.920321673846005,2
776,raydium-clmm,,3114,7479.930416905,335.70768674907754,1.901114684043044,1
776,orca-whirlpool,,5724,7334.830713152998,180.31100256521376,1.8642358413161395,7
776,meteora-dlmm,,2021,4897.250884127,342.15085012311664,1.2446954782112734,6
776,orca-whirlpool-v2,jupiter-aggregator-v6,3383,3456.755914814001,143.2000263497348,0.8785762784575121,2
776,meteora,,2535,2299.233219481999,126.848048149332,0.5843779008582597,3
776,gamma,jupiter-aggregator-v6,12223,1197.304827582,13.783973229343555,0.3043094871373954,1
776,gamma,,3027,1123.6831858589999,52.24624119963043,0.28559765743552706,1
776,orca-whirlpool,dflow-v4,251,1013.9904774970001,572.5402972494916,0.2577179303556946,1
776,raydium-clmm,dflow-v4,467,853.3692166799999,258.05900704954115,0.2168940963774293,1
776,raydium-clmm,raydium-router,173,361.959469544,295.01140788590845,0.0919963721886143,3
776,meteora-dlmm,dflow-v4,175,334.90806306,267.98714376838007,0.08512093040983515,2
776,meteora-dlmm-v2,,26,31.418817233,171.87998957827205,0.007985471985397957,2
776,stabble,jupiter-aggregator-v6,2016,22.335368225,1.5674992416396423,0.005676803678559569,4
776,stabble,,283,8.642954828000002,4.326901277970745,0.0021967113891723004,4
776,orca-whirlpool,jupiter-aggregator-v4,19,0.029171325999999997,0.21596569106727254,7.414244935523573e-06,3
776,pumpswap,,6,0.000436333,0.010217740310769054,1.1089930349589893e-07,1
777,orca-whirlpool,jupiter-aggregator-v6,19416,83348.26872323499,610.0139239318604,47.84848410427507,3
777,meteora-dlmm,jupiter-aggregator-v6,7490,30850.178116232004,587.5172544785888,17.71043693913081,3
777,raydium-clmm,jupiter-aggregator-v6,8529,29951.758035506,498.8049208221535,17.194672909354438,1
777,meteora,jupiter-aggregator-v6,8210,5810.924333329001,100.74196323159713,3.3359291662998594,2
777,orca-whirlpool,,4794,5435.773804426,162.35089010855953,3.120563155776817,6
777,meteora-dlmm,,2152,4552.796268798999,303.91809097608603,2.6136643656151115,7
777,orca-whirlpool-v2,,1208,3039.081973806,359.6998501483681,1.7446728977432002,3
777,raydium-clmm,,2484,2467.2369605650006,141.94127284601427,1.4163887300536648,1
777,meteora-dlmm,dflow-v4,187,1910.417377573,1441.043610137343,1.0967303451361319,2
777,orca-whirlpool,dflow-v4,189,1595.980595441,1205.7574640599146,0.9162188167971128,1
777,orca-whirlpool-v2,jupiter-aggregator-v6,3195,1430.477199424,64.02821258010688,0.8212068059319686,2
777,gamma,jupiter-aggregator-v6,14106,933.799529566,9.454399624198302,0.5360746255616299,1
777,raydium-clmm,dflow-v4,293,895.0765406579999,435.2710106434534,0.5138445739046845,1
777,gamma,,3440,805.434067951,33.39856481801422,0.46238271997426117,1
777,meteora,,1510,658.475124716,62.11851310208754,0.37801668853681736,2
777,raydium-clmm,raydium-router,96,426.719401398,632.3230379382952,0.24497061315787222,1
777,meteora-dlmm-v2,,32,46.244775407000006,205.17303569108486,0.026548150727823877,2
777,stabble,jupiter-aggregator-v6,2051,24.693634655,1.7151747138897542,0.014176095117104243,4
777,stabble,,239,8.715354192000001,5.202150598866881,0.005003301123191628,3
777,orca-whirlpool,jupiter-aggregator-v4,9,0.026091473999999996,0.41590857040918855,1.4978565218812753e-05,2
777,pumpswap,,1,2.9991e-05,0.00425870037460045,1.721720089395537e-08,1
778,orca-whirlpool,jupiter-aggregator-v6,24240,80209.644185224,463.3669378284651,45.916544424180216,3
778,meteora-dlmm,jupiter-aggregator-v6,7927,33785.476560138995,593.3341954002464,19.340720821343577,5
778,raydium-clmm,jupiter-aggregator-v6,11662,30319.334491254,363.5388475548406,17.356504734822195,2
778,orca-whirlpool,,6097,7922.09621964,182.07200186703616,4.535056684227758,8
778,meteora,jupiter-aggregator-v6,10058,5806.831456724999,80.82521576265117,3.3241592984844375,2
778,raydium-clmm,,3452,3927.3908792230004,159.3595719797707,2.2482610365473157,1
778,meteora-dlmm,,2348,2804.1061297069996,166.0837436559175,1.6052292088153457,5
778,orca-whirlpool-v2,,1325,2527.923418005,265.5207886798648,1.4471265781420186,4
778,orca-whirlpool-v2,jupiter-aggregator-v6,5122,2085.7443448569998,57.07034518708529,1.1939982260356619,2
778,raydium-clmm,dflow-v4,493,1422.949314807,404.2489758338919,0.8145768017099446,1
778,orca-whirlpool,dflow-v4,231,1206.962968003,730.9267523335687,0.6909339805905709,1
778,meteora,,1314,950.0098404559999,101.2907241282913,0.5438394532953439,3
778,gamma,jupiter-aggregator-v6,10548,659.510088948,8.738374549311056,0.3775409379381642,1
778,gamma,,3078,466.5433146869999,21.17383639061023,0.26707582426324034,1
778,meteora-dlmm,dflow-v4,160,368.2648510160001,321.07000353838714,0.21081566391807144,2
778,raydium-clmm,raydium-router,87,143.016123125,229.72082592195554,0.08187053112564249,1
778,meteora-dlmm-v2,,46,64.73504557999999,196.9490866099254,0.03705800750482533,2
778,stabble,jupiter-aggregator-v6,1850,12.833019926999999,0.9727003780564942,0.007346347631386639,4
778,stabble,,131,2.3165309400000003,2.4671999214751623,0.0013261135477782436,4
778,orca-whirlpool,jupiter-aggregator-v4,18,0.016775448999999998,0.13005068893178207,9.603217382006123e-06,2
778,raydium-clmm,photon,1,0.0099,1.367988414906157,5.667320861686662e-06,1
778,pumpswap,,4,9.6668e-05,0.0033852953989366536,5.5338239702780426e-08,1
779,orca-whirlpool,jupiter-aggregator-v6,43505,97151.580635964,309.239343051874,46.46389037611454,3
779,meteora-dlmm,jupiter-aggregator-v6,8017,37056.76279347998,642.0838002808101,17.722834284927217,6
779,raydium-clmm,jupiter-aggregator-v6,23535,33929.34978195599,199.603929554918,16.227112091041544,1
779,meteora,jupiter-aggregator-v6,16472,9469.633739040997,79.5910678775692,4.528964130820089,3
779,orca-whirlpool,,12654,9080.31731925,99.09740155418467,4.34276895692403,7
779,orca-whirlpool-v2,jupiter-aggregator-v6,9493,5912.782636487999,86.12400313340521,2.8278581001066163,1
779,raydium-clmm,,6384,5367.142120216,116.0745860981033,2.5668990815619033,1
779,orca-whirlpool-v2,,2860,5309.531354388001,256.30181843168344,2.539346052672477,3
779,meteora-dlmm,,2163,1456.0408489780002,93.63455329105341,0.6963687255234872,6
779,orca-whirlpool,dflow-v4,205,1136.5534648839994,762.8041512881094,0.543570112326246,1
779,raydium-clmm,raydium-router,101,1052.949961246,1451.4399893715433,0.5035857497181805,3
779,meteora,,2224,1034.5069219180004,64.34503598033993,0.4947651484276101,3
779,raydium-clmm,dflow-v4,644,834.1359372549999,178.7806420623546,0.3989353595040384,1
779,gamma,jupiter-aggregator-v6,1647,105.93925142400002,8.924852763597814,0.05066669767460476,1
779,gamma,,630,87.027938071,19.17475651884777,0.04162213880330147,1
779,meteora-dlmm,dflow-v4,114,69.97586195199999,85.45741812732315,0.03346678208865139,2
779,meteora-dlmm-v2,,37,22.981804941,85.61376335302838,0.010991319528038434,2
779,stabble,jupiter-aggregator-v6,1609,11.260466291,0.9676004981246792,0.005385450940725865,4
779,stabble,,156,1.98436037,1.7566322848208182,0.0009490437736043863,4
779,orca-whirlpool,jupiter-aggregator-v4,9,0.042649282999999996,0.6464495689246255,2.0397523096997445e-05,2
780,orca-whirlpool,jupiter-aggregator-v6,29545,125927.397485647,602.277063612954,44.2758787904227,2
780,meteora-dlmm,jupiter-aggregator-v6,8818,59020.385703925,944.1741758478556,20.75147661086878,2
780,raydium-clmm,jupiter-aggregator-v6,17487,51223.38713530401,413.09374111382454,18.010063936214646,1
780,orca-whirlpool,,12817,8680.86347756,95.25693007991362,3.0521782138192908,9
780,raydium-clmm,raydium-router,104,8475.138756425,11396.627122293981,2.9798457190720296,2
780,meteora,jupiter-aggregator-v6,11018,7420.144456408,94.85315326926523,2.6089113498656498,2
780,orca-whirlpool-v2,,2378,6281.068903897,374.20780826563254,2.208414141925979,4
780,raydium-clmm,,4129,5085.285728276001,173.86741963946758,1.7879786211374495,1
780,orca-whirlpool,dflow-v4,180,3169.8185133810002,2496.3580626530984,1.1145033018100092,1
780,orca-whirlpool-v2,jupiter-aggregator-v6,4992,2953.1668490200004,83.2871827622459,1.038328910672574,1
780,meteora-dlmm,,1953,2604.7923238310004,187.0760614301479,0.9158409647694808,2
780,meteora,,1649,1822.9292418589996,153.03309595409584,0.6409391106908694,2
780,raydium-clmm,dflow-v4,463,1440.4623218469999,441.70064827273256,0.5064643313345526,1
780,meteora-dlmm,dflow-v4,119,127.60984713600001,151.1587740417604,0.0448674254933434,2
780,gamma,jupiter-aggregator-v6,308,103.900810807,47.8311245238481,0.036531364876667985,1
780,stabble,,165,25.693753592000004,21.94505191850367,0.009033884146140982,4
780,gamma,,34,25.596537756,106.82016795906718,0.008999703208098992,1
780,stabble,jupiter-aggregator-v6,1237,24.435319359999994,2.7794199619148543,0.008591420610530299,4
780,meteora-dlmm-v2,,13,3.2631218499999997,35.23275264906896,0.00114730861110226,2
780,orca-whirlpool,jupiter-aggregator-v4,4,0.013611142,0.47713153108001377,4.785656540388045e-06,2
780,pumpswap,,5,0.000298049,0.008219197342717864,1.0479356884279926e-07,1
781,orca-whirlpool,jupiter-aggregator-v6,26814,79149.09543889297,407.40054924593716,48.727880443579494,2
781,raydium-clmm,jupiter-aggregator-v6,13455,28317.141624018994,290.4541411647712,17.433355162276072,1
781,meteora-dlmm,jupiter-aggregator-v6,2211,25052.455310488996,1566.8286816152586,15.423461764387541,4
781,orca-whirlpool,,10393,10768.240824537,143.5289479840757,6.629432068378037,14
781,meteora,jupiter-aggregator-v6,9361,6543.498788309,96.89531550716117,4.028483520517261,2
781,orca-whirlpool-v2,jupiter-aggregator-v6,3506,2999.355754245001,118.2305192211418,1.8465435112072686,1
781,orca-whirlpool-v2,,2385,2844.6807042740006,164.77290001978463,1.751318325110094,5
781,raydium-clmm,,3687,2688.283159456,100.8552040467123,1.655032690722211,3
781,raydium-clmm,raydium-router,95,966.6105227080002,1409.8059236203042,0.5950905910527498,1
781,meteora,,1527,705.8975896760002,64.16578498916807,0.43458353079599227,2
781,orca-whirlpool,dflow-v4,152,579.1081856079999,529.8114297913511,0.3565260509387768,1
781,raydium-clmm,dflow-v4,405,540.8521292929998,185.0278447564977,0.3329738356162483,1
781,gamma,jupiter-aggregator-v6,2496,508.067393613,28.054447964186505,0.3127900208584061,1
781,meteora-dlmm,,597,387.80912402800004,89.80451003913947,0.2387534124777862,5
781,meteora-dlmm,dflow-v4,53,256.0461892990001,672.4843904684695,0.15763399481714035,2
781,gamma,,227,58.189076171,35.33428727959478,0.03582391347696351,1
781,stabble,,81,28.087708826,47.7495253718121,0.017292105614322147,4
781,stabble,jupiter-aggregator-v6,649,25.408420684,5.393285479502427,0.015642610676530066,4
781,meteora-dlmm-v2,,6,11.933400863000001,276.21966368782364,0.007346759016172347,1
781,orca-whirlpool,jupiter-aggregator-v4,27,0.055262614,0.2825797960327992,3.402224666067954e-05,3
781,invariant,jupiter-aggregator-v6,1,0.002706478,0.3761724955659978,1.6662342844966155e-06,1
782,orca-whirlpool,jupiter-aggregator-v6,35765,96913.376107244,369.8554031111432,42.97028698235362,2
782,meteora-dlmm,jupiter-aggregator-v6,9280,41439.490367166996,608.475743877035,18.37379797303898,4
782,raydium-clmm,jupiter-aggregator-v6,17778,38262.573098337,293.7599792509314,16.965189045724806,1
782,orca-whirlpool,,14998,10923.892040952,98.72690113091332,4.843529292019675,28
782,meteora,jupiter-aggregator-v6,13631,10259.949410971001,102.68878045402322,4.549144693153455,2
782,orca-whirlpool-v2,jupiter-aggregator-v6,5556,7613.576743135002,185.5696446000057,3.375773198249257,1
782,orca-whirlpool-v2,,3222,5102.422892814,215.04468922039698,2.262356186693201,4
782,raydium-clmm,,4957,4309.201908749999,118.11077851268087,1.9106510382941113,1
782,meteora-dlmm,,3506,3606.490568456,139.28506528993236,1.5990768349068196,6
782,gamma,jupiter-aggregator-v6,11228,2024.025572812,24.46658024708812,0.8974298824045749,1
782,meteora,,2292,1274.089317078,75.65852250217446,0.5649166894713138,2
782,raydium-clmm,raydium-router,162,1133.502527737,958.2531629124235,0.5025821085644898,1
782,orca-whirlpool,dflow-v4,226,964.89948789,578.8728268464866,0.42782544132894135,1
782,orca-whirlpool-v2,okx-aggregator,40,584.487658114,1981.5117393444398,0.2591551694475026,1
782,raydium-clmm,dflow-v4,372,560.2342323220001,204.42419155575297,0.24840147673294705,1
782,gamma,,1160,204.97686131399996,23.9810412884484,0.09088440532355274,1
782,meteora-dlmm,dflow-v4,173,181.16597688,141.53429025610427,0.08032693040594788,2
782,raydium-clmm,okx-aggregator,37,89.015373841,327.31329824846307,0.03946840274717614,1
782,meteora-dlmm,okx-aggregator,35,35.67483508,137.67435927336723,0.015817815486474956,1
782,meteora-dlmm-v2,,18,28.819889074999995,214.0696394826642,0.012778410515612825,2
782,meteora,okx-aggregator,21,9.898839548,64.1997931701627,0.004389032693476019,2
782,stabble,jupiter-aggregator-v6,1507,7.296416674,0.6597002148752676,0.003235148036506951,4
782,stabble,,186,6.647121217,4.888700098534725,0.0029472578272880094,4
782,meteora-dlmm-v2,jupiter-aggregator-v6,2,0.055545985,3.763755037282359,2.462845699984959e-05,1
782,orca-whirlpool,jupiter-aggregator-v4,8,0.024955424,0.4218552278696012,1.1064950723207347e-05,2
782,stabble,okx-aggregator,2,0.0020099130000000003,0.13701190939234967,8.911725283823609e-07,1
783,orca-whirlpool,jupiter-aggregator-v6,21456,110031.17501366,727.0437207662334,48.24019958273276,1
783,raydium-clmm,jupiter-aggregator-v6,10989,40088.486310438995,517.5276529446038,17.575715067526477,1
783,meteora-dlmm,jupiter-aggregator-v6,3258,34745.08029435701,1501.888089346855,15.233042887252395,3
783,orca-whirlpool-v2,jupiter-aggregator-v6,7474,10037.789629374001,186.43733943356574,4.400798001387988,1
783,orca-whirlpool,,12842,6901.592519433,75.02823546150724,3.0258170062694565,24
783,meteora,jupiter-aggregator-v6,7885,6216.084551677999,110.42625290435684,2.7252745356837393,2
783,raydium-clmm,,5703,4936.531091854998,121.42525741694652,2.164288848936554,1
783,orca-whirlpool-v2,okx-aggregator,262,4031.1469881779994,2214.44849142387,1.767347619735014,1
783,orca-whirlpool-v2,,1366,2796.8645638180005,284.0326926444903,1.2262097968844115,6
783,meteora-dlmm,,1403,2144.4821757280006,212.73260547721148,0.9401903428359165,5
783,meteora,,2232,1455.9883416500002,89.89757861943723,0.6383387997320613,2
783,raydium-clmm,raydium-router,165,1399.5984564090002,1181.5111211301144,0.6136161761834577,1
783,raydium-clmm,dflow-v4,523,1120.2473105079996,305.74906760168807,0.4911422043272417,1
783,orca-whirlpool,dflow-v4,242,1035.037904856,603.0503512629045,0.45378443972581683,1
783,gamma,jupiter-aggregator-v6,4618,569.1866222879999,17.20600776317302,0.24954451550286416,1
783,raydium-clmm,okx-aggregator,219,329.57047309300003,210.73777890086237,0.144491280735739,1
783,meteora-dlmm,dflow-v4,101,102.34510189400001,144.63595456409533,0.044870448225866444,2
783,gamma,,569,65.885925782,16.154052307621516,0.028885906280853732,1
783,meteora,okx-aggregator,104,27.824232239,37.68136301156819,0.012198783810852078,2
783,meteora-dlmm-v2,,15,22.59513252,212.0298165268471,0.009906226142070883,2
783,meteora-dlmm,okx-aggregator,49,17.843080903,50.99269924341403,0.007822817340855515,1
783,stabble,jupiter-aggregator-v6,1249,8.099448739,0.9048775829125283,0.0035509847425601575,4
783,stabble,,218,6.425820216000001,4.14486762614526,0.002817227478158946,4
783,stabble,okx-aggregator,28,0.188623719,0.9486960516617042,8.269697973749404e-05,3
783,meteora-dlmm-v2,jupiter-aggregator-v6,2,0.141488901,9.654502706688318,6.203199068022457e-05,1
783,orca-whirlpool,jupiter-aggregator-v4,9,0.004040747,0.06325018356713609,1.771556485869838e-06,2
784,orca-whirlpool,jupiter-aggregator-v6,27637,174287.08739970802,992.9639586650136,46.486402515906576,2
784,raydium-clmm,jupiter-aggregator-v6,12489,67543.665446596,851.7681347588303,18.015459815156984,1
784,meteora-dlmm,jupiter-aggregator-v6,4043,51275.13486539499,2013.4084709851797,13.676265947021271,4
784,meteora,jupiter-aggregator-v6,11269,17322.42601448,241.03818713128442,4.620292187305654,2
784,orca-whirlpool,,16820,16072.211355239,151.48697332852663,4.286830984023985,20
784,raydium-clmm,,9199,12645.648129546998,218.32866149237435,3.3728872161164345,3
784,orca-whirlpool-v2,jupiter-aggregator-v6,3880,9143.537438276999,370.00176282683543,2.4387931895390547,1
784,orca-whirlpool-v2,,1290,8902.085513160002,1082.2538571355112,2.374392369336651,7
784,meteora-dlmm,,3559,7273.836615630001,330.03765057137036,1.9401006798262805,6
784,meteora,,3014,3344.563412846,173.4104242393518,0.8920725187917384,3
784,orca-whirlpool-v2,okx-aggregator,253,1776.169861799,1084.1461165911933,0.47374563637551964,2
784,gamma,jupiter-aggregator-v6,10283,1481.2225972459999,22.991949883703622,0.3950763702495007,1
784,raydium-clmm,okx-aggregator,218,1187.969306852,853.0214005506908,0.31685892626235446,1
784,meteora-dlmm,okx-aggregator,81,1152.603749322,2190.2884913204084,0.30742611303983125,1
784,raydium-clmm,raydium-router,178,596.169110675,537.934788791497,0.1590121084692275,1
784,gamma,,1506,283.115000379,29.965427793665633,0.07551332724796735,1
784,raydium-clmm,dflow-v4,100,216.44696094500003,340.3880507141307,0.05773141716895109,1
784,meteora-dlmm-v2,,30,139.541115637,722.0940406299707,0.037218847166477546,2
784,meteora-dlmm,dflow-v4,24,115.00896599000001,731.122437695684,0.030675554716730596,1
784,meteora,okx-aggregator,185,87.93826646699998,74.83208904747569,0.023455172224898055,2
784,orca-whirlpool,dflow-v4,69,50.785552811,112.30281062710911,0.013545683074906513,1
784,stabble,,276,14.264203482999996,8.188294017258857,0.0038045934129291394,5
784,stabble,jupiter-aggregator-v6,1158,8.307722918000001,1.1387541915031774,0.0022158621003922807,5
784,meteora-dlmm-v2,jupiter-aggregator-v6,6,0.397783588,10.70213534640468,0.00010609809517087911,2
784,stabble,okx-aggregator,27,0.21284925100000002,1.240328872649638,5.677182460742532e-05,5
784,orca-whirlpool,jupiter-aggregator-v4,35,0.165424578,0.7520768226429428,4.412256601256891e-05,3
784,phoenix,,1,0.059885988,9.16713934082191,1.597297989636044e-05,1
785,orca-whirlpool,jupiter-aggregator-v6,24738,203332.530355749,1345.7238569162312,48.30946974637478,1
785,meteora-dlmm,jupiter-aggregator-v6,5823,82018.74921823999,2307.751614201051,19.48671113796541,3
785,raydium-clmm,jupiter-aggregator-v6,10735,76628.645780146,1168.9181969990993,18.206084577538263,1
785,meteora,jupiter-aggregator-v6,9522,11687.706784599,200.03888726627213,2.7768646577466862,2
785,orca-whirlpool-v2,,1120,11504.139323905001,1676.0304541414782,2.7332511411426283,6
785,orca-whirlpool,,14389,8818.417494988002,100.77819424018185,2.0951545354778,23
785,orca-whirlpool-v2,jupiter-aggregator-v6,1896,7593.144912768998,658.2342317565126,1.804043867459214,1
785,raydium-clmm,,7097,6147.542718180999,142.15380958430535,1.4605854185698164,1
785,meteora-dlmm,dflow-v4,24,2950.768814328,19896.812356921535,0.701068719869468,1
785,meteora-dlmm,,3130,2452.165174772,128.8943855371426,0.5826062318533102,2
785,orca-whirlpool-v2,okx-aggregator,226,2390.01546089,1753.7219262057667,0.5678401749057314,1
785,meteora,,2854,1477.2893985219998,84.45193761848648,0.3509869639632944,2
785,orca-whirlpool,dflow-v4,40,1339.9070999150001,5450.873075127278,0.31834651048233653,1
785,meteora-dlmm,okx-aggregator,89,676.6384174499998,1242.8987903246518,0.16076150284386334,1
785,gamma,jupiter-aggregator-v6,5441,545.362117674,16.262978604393794,0.1295717644318691,1
785,raydium-clmm,dflow-v4,63,426.155245793,1099.6611371882325,0.10124958322151603,1
785,raydium-clmm,okx-aggregator,199,423.154439907,347.3260505650598,0.10053662626912466,1
785,raydium-clmm,raydium-router,170,229.46264349999996,220.14386479667203,0.054517683986383375,3
785,meteora-dlmm-v2,,42,90.95985165799999,357.8630282447587,0.021611014204755093,1
785,gamma,,617,63.264413512000004,16.659278244111796,0.015030896754360363,1
785,meteora,okx-aggregator,106,57.475676492999995,88.57151283043238,0.013655559441635117,2
785,stabble,,271,25.000719614,15.084483654725965,0.005939883331590002,4
785,stabble,jupiter-aggregator-v6,1093,16.99345671,2.5449486852621708,0.004037449794097166,5
785,stabble,okx-aggregator,33,0.17820157800000003,0.8837172625182489,4.2338644613753225e-05,4
785,meteora-dlmm-v2,jupiter-aggregator-v6,2,0.097146692,7.8236739042901196,2.3080936286600912e-05,1
785,orca-whirlpool,jupiter-aggregator-v4,31,0.037597742999999996,0.19802537823804697,8.932791151581315e-06,1
786,orca-whirlpool,jupiter-aggregator-v6,22224,160908.62585009003,1202.7264054465854,51.93617908563859,3
786,raydium-clmm,jupiter-aggregator-v6,9575,55653.116009889,968.8958204129859,17.963053158233144,1
786,meteora-dlmm,jupiter-aggregator-v6,3508,44417.676313268,2102.2068960731963,14.33661110078098,4
786,orca-whirlpool,,13403,11624.178611491003,143.0233555934058,3.75191459687373,19
786,meteora,jupiter-aggregator-v6,7744,7917.991142074001,169.86381279596674,2.5556753330077937,2
786,raydium-clmm,,6834,7777.48354094,188.63373076976927,2.510323954877279,1
786,orca-whirlpool-v2,,798,5645.630153564997,1162.4971771222165,1.8222295862497973,6
786,orca-whirlpool-v2,jupiter-aggregator-v6,1755,5477.458968659999,515.6922962784463,1.7679492844317506,1
786,meteora-dlmm,,2335,2412.7643135999997,172.415070354264,0.7787634679032798,3
786,raydium-clmm,raydium-router,163,1813.5340574690001,1822.9955062932024,0.5853510281938814,3
786,orca-whirlpool-v2,okx-aggregator,190,1432.4583732459996,1246.8216403101858,0.46235193553226855,2
786,raydium-clmm,dflow-v4,113,1366.9495388500002,2015.8603789820957,0.4412077704080708,1
786,meteora,,2399,1063.0885988040004,73.30908879726633,0.343131137685707,2
786,meteora-dlmm,okx-aggregator,43,837.052645593,3165.04405831666,0.2701739317948522,1
786,orca-whirlpool,dflow-v4,33,600.655789981,3039.0287717019955,0.19387255662939018,1
786,raydium-clmm,okx-aggregator,139,387.113561283,467.7900019677544,0.124947927055223,1
786,gamma,jupiter-aggregator-v6,3764,352.350353734,15.323417245386622,0.11372747095277547,1
786,gamma,,408,35.2774064,14.121817590327131,0.011386423113041753,1
786,meteora,okx-aggregator,79,31.263199059000005,64.73644581310377,0.010090764845825594,2
786,meteora-dlmm-v2,,14,30.345328191999997,355.8931159670454,0.009794505366421333,1
786,stabble,,305,13.681980115,7.427716793411382,0.004416107376125408,4
786,stabble,jupiter-aggregator-v6,1189,10.312790401999997,1.42987350461614,0.0033286402538166165,4
786,meteora-dlmm,dflow-v4,21,10.220604604,79.43353052389728,0.0032988856145684947,1
786,meteora-dlmm-v2,jupiter-aggregator-v6,10,0.45383121000000004,7.4891096328779865,0.00014648225893850594,2
786,stabble,okx-aggregator,29,0.20176807,1.1449836246599476,6.512430618260605e-05,4
786,orca-whirlpool,jupiter-aggregator-v4,14,0.030178370000000003,0.36125258762596363,9.740616580076189e-06,3
787,orca-whirlpool,jupiter-aggregator-v6,26050,80997.74244729399,505.36563526812154,44.391751050825356,3
787,meteora-dlmm,jupiter-aggregator-v6,7850,44267.24501929801,912.3807852805168,24.261176438112162,3
787,raydium-clmm,jupiter-aggregator-v6,8782,23458.041407252993,435.5810594414613,12.856451338360944,1
787,orca-whirlpool-v2,jupiter-aggregator-v6,1679,6569.681257599,630.7231394004691,3.600589918421255,1
787,orca-whirlpool,,10571,6251.457822560999,95.76420870959193,3.4261838784512193,11
787,meteora,jupiter-aggregator-v6,5892,5456.600123525999,152.15330013693364,2.9905529086207454,2
787,meteora-dlmm,,3681,3840.6260761360004,167.60713707345207,2.10489961201176,2
787,raydium-clmm,,4036,3660.6065900210006,147.0225017475215,2.006237847245728,1
787,orca-whirlpool-v2,,762,2217.141913605,471.3153042493387,1.2151303098002808,6
787,orca-whirlpool-v2,okx-aggregator,198,1788.8525063640002,1457.8288289412335,0.9804013387265543,1
787,raydium-clmm,okx-aggregator,129,885.1015469370001,1110.1324036652431,0.4850901560854599,1
787,meteora,,1296,776.2589903429999,97.76295744677043,0.42543773207870117,2
787,meteora-dlmm,okx-aggregator,86,672.2467252539999,1272.3906913028188,0.3684326052868297,1
787,orca-whirlpool,dflow-v4,44,496.87915008799996,1867.9343867306168,0.272320374205554,1
787,gamma,jupiter-aggregator-v6,5071,480.7941420130001,15.389910903285681,0.2635047991964043,1
787,raydium-clmm,raydium-router,133,280.401150298,338.8815554976111,0.15367709867338078,1
787,raydium-clmm,dflow-v4,55,190.04160303900002,573.8653436368714,0.10415450204549384,1
787,meteora-dlmm-v2,,11,44.6860114,650.7807464990688,0.024490686204173533,1
787,gamma,,430,41.809683754,15.778010618084611,0.022914281517525326,1
787,meteora,okx-aggregator,102,39.508633565,62.87675985227825,0.021653164305375727,2
787,meteora-dlmm,dflow-v4,25,17.802573389,117.28419341752989,0.009756906576288641,2
787,stabble,,263,16.481688528,10.209969006220962,0.009032980326683952,4
787,stabble,jupiter-aggregator-v6,1780,10.816543421999999,0.9833033273236357,0.005928131924569561,4
787,meteora-dlmm-v2,jupiter-aggregator-v6,5,0.350227898,11.355416776570816,0.0001919464566458329,2
787,orca-whirlpool,jupiter-aggregator-v4,20,0.03990995,0.3225115120453607,2.187311042654963e-05,2
787,stabble,okx-aggregator,7,0.032969759,0.7716117935936373,1.8069458351707492e-05,2
787,pumpswap,,1,9.4829e-05,0.014993986511240339,5.1972131978097554e-08,1
788,orca-whirlpool,jupiter-aggregator-v6,17934,179129.05076412196,1576.6987487245149,47.98825257178624,3
788,meteora-dlmm,jupiter-aggregator-v6,5417,88106.470852802,2571.438762976452,23.603516897214718,3
788,raydium-clmm,jupiter-aggregator-v6,7667,65768.511587865,1356.0501245677278,17.619230001418952,1
788,meteora,jupiter-aggregator-v6,7145,11211.208857714,248.75075199067305,3.0034565582970463,2
788,orca-whirlpool-v2,jupiter-aggregator-v6,1519,5903.879190318001,611.008098851658,1.5816353881725536,1
788,raydium-clmm,,5128,5811.424085513001,178.87768296559477,1.5568668824387983,1
788,orca-whirlpool,,9552,5727.913995689,94.33669290978887,1.534494725238882,7
788,meteora-dlmm,,3034,3257.7390428149993,170.04310944553492,0.8727406488936051,3
788,meteora,,2243,2387.884343462,169.15692371932846,0.6397086150875753,2
788,orca-whirlpool-v2,okx-aggregator,116,1014.2916203849999,1377.4195691936775,0.2717263461892398,2
788,meteora-dlmm,dflow-v4,21,804.782175674,6076.724189368435,0.2155992573330313,1
788,gamma,jupiter-aggregator-v6,6239,782.471807154,19.924017801512687,0.20962236193309303,1
788,orca-whirlpool,dflow-v4,34,762.081601697,3620.2930634180657,0.20415987371419655,1
788,meteora-dlmm,okx-aggregator,82,671.9116411980001,1303.6024677796481,0.18000355278045843,1
788,orca-whirlpool-v2,,475,665.545317351,221.44653483991237,0.17829802955337493,6
788,raydium-clmm,raydium-router,86,633.002140237,1174.3973615825362,0.16957978873105606,2
788,raydium-clmm,dflow-v4,56,304.61586697999996,879.9184379308093,0.08160587632018948,1
788,raydium-clmm,okx-aggregator,129,208.599699723,252.79327785185308,0.05588337030763231,1
788,gamma,,391,65.901129791,26.7917605258141,0.017654758106997088,1
788,meteora,okx-aggregator,90,27.277570369000003,47.609979433511256,0.007307597125247687,2
788,meteora-dlmm-v2,jupiter-aggregator-v6,23,21.841368353,150.30685762537024,0.005851251355188415,2
788,stabble,jupiter-aggregator-v6,1824,4.956007053,0.4280916217510574,0.0013277026657172095,4
788,stabble,,102,4.590227069,7.061581137330661,0.0012297110659012197,3
788,meteora-dlmm-v2,,3,0.7915897789999999,41.91707829366386,0.00021206504520541417,1
788,stabble,okx-aggregator,18,0.09601254000000001,0.8389397431659577,2.5721534278914228e-05,2
788,orca-whirlpool,jupiter-aggregator-v4,24,0.038998814,0.25798809934263683,1.0447690803076348e-05,2
789,orca-whirlpool,jupiter-aggregator-v6,20188,175591.180591685,1362.6814429662886,49.6850710050462,1
789,meteora-dlmm,jupiter-aggregator-v6,3519,66560.43705184101,2963.020789671161,18.83386187110261,2
789,raydium-clmm,jupiter-aggregator-v6,10012,63984.167327015,1001.7757928563202,18.10488366288733,1
789,meteora,jupiter-aggregator-v6,9135,10176.933206375998,174.63247909455717,2.87965288044967,2
789,orca-whirlpool,,11225,7868.320371244001,109.33706615583482,2.2264105464658073,12
789,raydium-clmm,,6110,7806.328195037,200.99131376735485,2.2088693142340783,1
789,orca-whirlpool-v2,jupiter-aggregator-v6,1729,6297.667439095,567.9414576888028,1.7819804663493428,1
789,orca-whirlpool-v2,,805,5164.071894788,994.7726082275549,1.4612196233496664,8
789,meteora,,1948,2636.5576324050003,215.9888249577083,0.7460372026289698,2
789,raydium-clmm,raydium-router,190,1980.969065978,1649.425198498199,0.5605326438962265,3
789,orca-whirlpool-v2,okx-aggregator,157,1595.648229103,1558.453657407271,0.4515027195267518,2
789,meteora-dlmm,,1747,1189.635168492,107.6186526583654,0.3366177482118034,3
789,orca-whirlpool,dflow-v4,57,865.423482455,2401.656248542361,0.24487919626896792,1
789,raydium-clmm,dflow-v4,89,632.052636644,1126.5060625033188,0.17884486011634515,1
789,raydium-clmm,okx-aggregator,132,425.218966465,494.6724428673903,0.12031945152549614,1
789,meteora-dlmm,okx-aggregator,40,276.63734559700004,1047.7193807357532,0.07827697332132023,1
789,gamma,jupiter-aggregator-v6,2081,114.69646701400002,8.595444747053028,0.03245437548979261,1
789,gamma,,436,74.34169622999998,26.592223414099568,0.021035637686224632,1
789,meteora-dlmm,dflow-v4,18,70.053300744,625.2194705331144,0.01982219841494885,1
789,meteora-dlmm-v2,jupiter-aggregator-v6,49,42.604779558999994,136.5142220696659,0.012055397602603147,1
789,meteora,okx-aggregator,100,36.024843687,56.31238389973228,0.010193546797184896,2
789,stabble,jupiter-aggregator-v6,1147,8.403609246999999,1.1523958283544575,0.0023778752482266174,4
789,stabble,,161,6.604017131999999,6.372861954971347,0.0018686648100223516,3
789,meteora-dlmm-v2,,7,4.241313179,93.36320437377765,0.0012001169178495299,1
789,stabble,okx-aggregator,15,0.08576188700000001,0.8993329165534654,2.4267081243848813e-05,3
789,orca-whirlpool,jupiter-aggregator-v4,28,0.027405301,0.15326904630778707,7.754571280353603e-06,3
790,orca-whirlpool,jupiter-aggregator-v6,21418,176911.18833258701,1313.6135613621518,45.48725018406562,1
790,meteora-dlmm,jupiter-aggregator-v6,6438,75756.739843841,1889.0351734510864,19.47850676310912,6
790,raydium-clmm,jupiter-aggregator-v6,8432,59262.843839962996,1116.23747031303,15.237610632628714,1
790,orca-whirlpool-v2,okx-aggregator,182,19730.417381057,18160.905125148613,5.073067679365423,1
790,meteora,jupiter-aggregator-v6,8719,11632.282189754,212.89859951604936,2.9908822339843324,2
790,raydium-clmm,okx-aggregator,110,7983.750795510001,12122.544758637827,2.052775029467724,1
790,orca-whirlpool-v2,jupiter-aggregator-v6,1742,7318.799641782,672.9512121086228,1.8818033697615797,1
790,orca-whirlpool,,10294,6267.947305111,97.93916086139271,1.61160913504308,6
790,meteora-dlmm-v2,okx-aggregator,97,5564.747094742001,9572.461883678354,1.4308029113100253,2
790,meteora-dlmm,,2991,4139.27183756,223.59380614028186,1.0642859585623328,5
790,raydium-clmm,,4375,4000.9359575490002,146.8210451207536,1.0287171579522576,1
790,orca-whirlpool,dflow-v4,346,3351.6758975970006,1562.0602160056335,0.8617799785691374,1
790,orca-whirlpool-v2,,645,3272.4501434240005,825.6640464532243,0.8414095218724497,5
790,raydium-clmm,dflow-v4,371,1470.2904719550002,639.1349140720376,0.37803980161692136,1
790,meteora,,2025,1234.4708543489999,97.24135852007359,0.3174060675639409,2
790,raydium-clmm,raydium-router,106,489.502570579,742.6455533934144,0.1258604732890644,2
790,meteora-dlmm,dflow-v4,225,209.94646514199994,148.60418003253642,0.05398125169574294,2
790,meteora,okx-aggregator,132,115.75397666799999,139.22330333999113,0.029762561351400617,2
790,gamma,jupiter-aggregator-v6,1660,85.431834,8.140856207621585,0.021966158519809972,1
790,gamma,,401,55.651421151,22.011015058562847,0.01430904478599361,1
790,meteora-dlmm-v2,jupiter-aggregator-v6,28,43.804297778000006,249.37389517259518,0.011262922774670949,2
790,meteora-dlmm-v2,,7,21.127125755999998,478.5849646193073,0.0054321881164842625,1
790,stabble,jupiter-aggregator-v6,933,4.142885119,0.7073591220012909,0.0010652150023294105,4
790,stabble,,113,1.546400047,2.1834620915306444,0.0003976090290586949,4
790,stabble,okx-aggregator,12,0.050716541,0.6728850169492109,1.3040192712969755e-05,4
790,orca-whirlpool,jupiter-aggregator-v4,20,0.012097,0.09516450718120824,3.1103700713499994e-06,3
791,orca-whirlpool,jupiter-aggregator-v6,21130,173340.30813753098,1380.9515757681081,52.96730867596432,2
791,raydium-clmm,jupiter-aggregator-v6,9354,59258.802830450004,1067.7183779563838,18.10761348594232,1
791,meteora-dlmm,jupiter-aggregator-v6,1917,30189.83880682,2655.8325976874025,9.225058661426342,2
791,orca-whirlpool,,9161,12894.041107615,236.4836693523534,3.9400106228364553,12
791,meteora,jupiter-aggregator-v6,7535,11996.115606029003,266.59694753494983,3.665633025833512,2
791,orca-whirlpool-v2,,682,9280.614453116,2277.759376870892,2.835861870343464,7
791,raydium-clmm,,5022,9042.066508305,301.3987829134515,2.762969172951948,1
791,orca-whirlpool-v2,jupiter-aggregator-v6,1320,5554.951163764,707.5001106812288,1.6974171566462632,1
791,orca-whirlpool,dflow-v4,511,4716.257209302999,1535.616351696397,1.4411388446488325,1
791,meteora,,1510,3906.013554934,432.24896590435685,1.1935540433707963,2
791,raydium-clmm,dflow-v4,944,2482.373531363,437.79304664539626,0.7585347372316056,1
791,orca-whirlpool-v2,okx-aggregator,175,1155.641060923,1100.436038037377,0.35312731037700407,1
791,meteora-dlmm,,722,928.1850130769999,217.7551936213397,0.28362394543020164,3
791,raydium-clmm,raydium-router,143,836.3186887340001,982.2627612336586,0.2555525060132299,1
791,raydium-clmm,okx-aggregator,156,580.081232606,617.9195322890297,0.17725445416998956,1
791,gamma,jupiter-aggregator-v6,12008,533.3067670479999,7.436636375545476,0.1629616587897128,1
791,gamma,,3853,399.38102215,17.31739421212246,0.1220381924252561,1
791,meteora,okx-aggregator,133,50.635019172,63.68136273997477,0.01547245830536284,2
791,meteora-dlmm,dflow-v4,94,49.001367705999996,88.53708014264004,0.014973266153241422,2
791,meteora-dlmm-v2,,25,43.521065816,298.59141710667643,0.013298659450599644,2
791,stabble,jupiter-aggregator-v6,701,7.454327129999999,1.7817796581645573,0.0022778063008464036,4
791,stabble,,132,7.30799916,9.348641645965806,0.0022330931072551716,4
791,meteora-dlmm-v2,okx-aggregator,22,4.050540818,31.672857107063418,0.0012377169979493434,1
791,meteora-dlmm-v2,jupiter-aggregator-v6,13,2.678682927,34.08057827926887,0.00081852067164247,1
791,stabble,okx-aggregator,17,0.068650894,0.6699863510027596,2.09775391104869e-05,3
791,orca-whirlpool,jupiter-aggregator-v4,20,0.02060113,0.17234748300446862,6.295052913589515e-06,2
791,invariant,jupiter-aggregator-v6,2,0.009290782,0.7783333863970671,2.8389687506765415e-06,1
791,pumpswap,,1,9.985e-06,0.0016231933140927446,3.0510997863802283e-09,1
792,orca-whirlpool,jupiter-aggregator-v6,11284,85551.516122471,1228.7618669904862,46.902073192474745,1
792,meteora-dlmm,jupiter-aggregator-v6,3348,40542.495745295004,1971.3589624316207,22.226690876282042,3
792,raydium-clmm,jupiter-aggregator-v6,4269,33734.571532099995,1281.298516521309,18.4943694142171,1
792,meteora-dlmm,,1479,4824.421318005,539.72807241422,2.644901832534239,4
792,orca-whirlpool,,4612,3761.2781072320004,133.4606240148021,2.0620527733267346,5
792,meteora,jupiter-aggregator-v6,3449,3348.426898041,157.76234628513478,1.8357145562066763,2
792,orca-whirlpool-v2,,314,2127.563675881999,1104.5379449989484,1.1663983500306199,2
792,raydium-clmm,,2089,2045.464476465,159.1798284587334,1.1213889471044656,1
792,orca-whirlpool-v2,jupiter-aggregator-v6,867,1845.123465963,347.27959800220935,1.0115556073356209,1
792,raydium-clmm,raydium-router,82,1357.3782446050002,2682.690441852839,0.744158101034689,3
792,meteora,,870,1349.367939435,255.38582797210583,0.739766595934539,2
792,orca-whirlpool-v2,okx-aggregator,128,700.1869609499998,904.7429687353069,0.3838648521889553,1
792,orca-whirlpool,dflow-v4,262,294.14913060900005,182.77235873943633,0.16126194693705045,1
792,raydium-clmm,okx-aggregator,94,221.816672116,390.95372149057226,0.12160698328247599,1
792,raydium-clmm,dflow-v4,321,220.483730721,111.21672115592254,0.12087622224277596,1
792,gamma,,4201,185.311605176,7.150290904651203,0.10159373981096312,1
792,meteora-dlmm,dflow-v4,171,174.809044905,167.6904784252935,0.09583590087525505,2
792,gamma,jupiter-aggregator-v6,2135,53.901638323,4.0798465816183365,0.029550599456362136,1
792,meteora-dlmm-v2,okx-aggregator,47,24.291707120999998,85.1364487831216,0.01331748958987817,1
792,meteora,okx-aggregator,85,18.316437955999998,35.10472216861084,0.010041656215746344,2
792,meteora-dlmm-v2,jupiter-aggregator-v6,30,15.740431285,85.93735407776452,0.008629407094940752,1
792,meteora-dlmm-v2,,6,4.5211212210000005,121.51489203423414,0.002478623033586376,1
792,stabble,jupiter-aggregator-v6,751,2.8014591820000003,0.6085634683412694,0.001535849387073368,4
792,stabble,,56,0.546770996,1.5903269927617207,0.0002997573209246548,4
792,stabble,okx-aggregator,12,0.032387966000000004,0.44453186466752165,1.775611725820001e-05,3
792,orca-whirlpool,jupiter-aggregator-v4,33,0.018567834000000002,0.09106942016809758,1.0179479555301279e-05,3
792,meteora,jupiter-aggregator-v4,1,0.008004289,1.2788470239225813,4.3882068436319985e-06,1
792,raydium-clmm,jupiter-aggregator-v4,1,0.008,1.2733047680435539,4.3858554768644645e-06,1
792,pumpswap,,3,2.9957e-05,0.0016369652710548257,1.6423384065053597e-08,1
793,orca-whirlpool,jupiter-aggregator-v6,11315,175952.79254323096,2555.8846935186575,51.46665754398265,1
793,raydium-clmm,jupiter-aggregator-v6,5289,74709.12913474701,2323.629173077405,21.852618017656592,1
793,meteora-dlmm,jupiter-aggregator-v6,2472,56994.38245137601,3799.636395454636,16.671007724046436,2
793,meteora,jupiter-aggregator-v6,5401,7926.129266538999,240.89473296334646,2.318413789937854,2
793,orca-whirlpool-v2,okx-aggregator,168,5027.460668302,4924.339519744871,1.4705455525394295,1
793,orca-whirlpool,,4523,4609.292329692,167.3949886208236,1.3482302066565885,11
793,raydium-clmm,okx-aggregator,152,3788.2694471510003,4091.314789593922,1.108078840368218,1
793,raydium-clmm,,2551,3165.4154122840005,204.42526576171622,0.925892386552706,1
793,orca-whirlpool-v2,,346,3119.648984510001,1481.2465037868376,0.9125055852907873,4
793,meteora,,1277,1751.063049982,227.06282116771322,0.5121905769651418,2
793,orca-whirlpool-v2,jupiter-aggregator-v6,654,1412.7506251229997,354.18036516756393,0.4132332972231081,1
793,meteora-dlmm,,1085,1061.608486494,161.1316554922046,0.31052329224469805,4
793,meteora-dlmm-v2,okx-aggregator,68,564.940142973,1382.2157883613372,0.1652464871456713,1
793,raydium-clmm,dflow-v4,474,333.74375574,115.43931253455128,0.09762093193202902,1
793,gamma,,4202,332.2707474529999,12.942440165591854,0.09719007310921235,1
793,gamma,jupiter-aggregator-v6,6114,310.72988204300003,8.297709158168303,0.09088931296080438,1
793,orca-whirlpool,dflow-v4,307,303.728864274,162.30415296950306,0.08884149673255137,1
793,raydium-clmm,raydium-router,103,268.886074592,429.2628695693364,0.07864988852604955,3
793,meteora,okx-aggregator,135,76.602465416,93.27775017270469,0.02240642389134799,2
793,meteora-dlmm,dflow-v4,123,76.32629705800001,102.33778386422594,0.022325643915649805,2
793,meteora-dlmm-v2,,8,62.288489629,1291.4713323974383,0.018219548086342584,1
793,meteora-dlmm-v2,jupiter-aggregator-v6,28,21.48553678,126.39641699259826,0.006284576377685029,2
793,stabble,jupiter-aggregator-v6,445,4.586461432999999,1.695558259892516,0.0013415521089436436,4
793,stabble,,81,3.455000322,7.026519184286652,0.0010105967391397595,4
793,stabble,okx-aggregator,18,0.11758636500000001,1.0754932457086241,3.4394322998936486e-05,3
793,orca-whirlpool,jupiter-aggregator-v4,22,0.072579732,0.5410372193065375,2.1229763719494566e-05,3
793,raydium-clmm,jupiter-aggregator-v4,3,0.038757069,2.143319517605365,1.1336545267625783e-05,1
793,meteora,jupiter-aggregator-v4,3,0.033092948999999997,1.8182932712235103,9.679775175406876e-06,2
793,pumpswap,,5,4.9925e-05,0.0016416769778540281,1.4603194645245677e-08,1
794,orca-whirlpool,jupiter-aggregator-v6,16046,96137.09310509804,955.9469788882375,47.32284608662704,2
794,meteora-dlmm,jupiter-aggregator-v6,2867,37012.905316373995,2054.8080822071033,18.219357013331447,2
794,raydium-clmm,jupiter-aggregator-v6,6894,35963.031644532006,831.876132259499,17.702563665641325,1
794,orca-whirlpool-v2,okx-aggregator,158,8085.011642736001,8084.430084065784,3.979793326593669,1
794,orca-whirlpool,,8027,5470.167639721999,107.74390656090947,2.6926537189929327,18
794,meteora,jupiter-aggregator-v6,5390,5294.762937324,157.1000020302974,2.606311918275318,2
794,raydium-clmm,,3256,4742.057444954,231.14251682750307,2.334246307574302,1
794,orca-whirlpool-v2,,496,4139.109815227998,1316.2475266951276,2.0374493381815686,6
794,raydium-clmm,okx-aggregator,155,2189.1365383029997,2218.6985019448243,1.0775879332181595,1
794,meteora-dlmm,,1235,899.6644518879998,115.18955950878609,0.4428538560008509,4
794,meteora,,1267,674.2010375310001,84.78482244788131,0.33187098652592695,2
794,orca-whirlpool-v2,jupiter-aggregator-v6,666,648.6731353839999,155.00279374680275,0.31930504610482113,1
794,orca-whirlpool,dflow-v4,304,461.01148425699995,242.86443337714746,0.22692984371611497,1
794,raydium-clmm,dflow-v4,531,445.301359187,133.52728172210516,0.21919663890747235,1
794,raydium-clmm,raydium-router,107,312.976536644,462.7109561776644,0.15406062315757904,2
794,gamma,,3209,223.386079985,11.077476631493097,0.10996031541611621,1
794,meteora-dlmm,dflow-v4,113,189.07690492399996,262.1192062982187,0.09307185167823406,2
794,gamma,jupiter-aggregator-v6,5304,146.314329823,4.389659747093967,0.07202225786994011,1
794,meteora,okx-aggregator,79,38.748774734,78.33442473396423,0.019073827214411847,2
794,meteora-dlmm-v2,okx-aggregator,41,34.692646644999996,134.61161956683176,0.01707722508027458,2
794,meteora-dlmm-v2,,18,33.375939669,294.13078750489615,0.01642908480939789,1
794,stabble,jupiter-aggregator-v6,589,6.4827067970000005,1.734812101991607,0.0031910693996518784,3
794,stabble,,136,2.2616886650000003,2.63552041432236,0.0011133012361072558,2
794,meteora-dlmm-v2,jupiter-aggregator-v6,21,1.88648454,14.15501241509988,0.0009286094955422292,2
794,stabble,okx-aggregator,18,0.13487401100000004,1.1830836221122858,6.63908368506784e-05,3
794,meteora,jupiter-aggregator-v4,5,0.049610695,1.5424185430852413,2.442053538241527e-05,2
794,orca-whirlpool,jupiter-aggregator-v4,26,0.031067419000000002,0.1888756552104231,1.529273083011275e-05,2
794,pumpswap,,7,0.00010330000000000002,0.002355391605526996,5.0848739470460906e-08,1
795,orca-whirlpool,jupiter-aggregator-v6,17257,109859.21320258698,941.1067299052879,44.03950179041748,3
795,raydium-clmm,jupiter-aggregator-v6,8341,54121.652235733985,959.2820717167905,21.695864471017643,1
795,meteora-dlmm,jupiter-aggregator-v6,6743,50859.42136773,1108.7499180368297,20.388126886120816,3
795,orca-whirlpool,,9229,8718.90602756,139.82480100994562,3.495166826865355,23
795,raydium-clmm,,3782,5151.288281509999,200.1913555608901,2.0650081398104723,1
795,meteora,jupiter-aggregator-v6,5648,5123.189322895,134.44396871729907,2.053744049142426,2
795,meteora-dlmm,,3558,3302.3795340310003,135.87437707123942,1.323832067988737,5
795,orca-whirlpool-v2,okx-aggregator,153,2388.1401115969998,2279.639178010801,0.957338921829883,2
795,orca-whirlpool-v2,,450,2275.990655345,728.276028769002,0.9123813253259243,6
795,meteora-dlmm-v2,okx-aggregator,100,1891.6740535630001,2745.803550252417,0.758319493105675,1
795,orca-whirlpool,dflow-v4,224,1650.7319146189998,1075.119318343734,0.6617324937081457,1
795,meteora,,1189,789.4648154040001,99.23756221634916,0.31647447799705664,4
795,orca-whirlpool-v2,jupiter-aggregator-v6,579,707.0621753710002,179.760912576785,0.28344155242370134,1
795,raydium-clmm,okx-aggregator,105,673.4581167879999,929.2060203115865,0.2699706203553795,1
795,raydium-clmm,raydium-router,110,650.060478887,878.2000606888176,0.26059115834947144,1
795,raydium-clmm,dflow-v4,307,621.0211862300001,294.73209255974194,0.24895011392835326,1
795,meteora-dlmm-v2,,18,247.620819944,2066.703398879176,0.09926429677917661,2
795,meteora-dlmm,dflow-v4,208,215.68481789000003,150.45726787037592,0.0864620421604189,2
795,gamma,,2781,100.299707888,5.459014255873427,0.040207362098674766,1
795,gamma,jupiter-aggregator-v6,3843,64.464629264,2.531102573012639,0.025842076173031196,1
795,meteora,okx-aggregator,83,33.368440379999996,59.85885089219698,0.013376479286708057,3
795,meteora-dlmm-v2,jupiter-aggregator-v6,12,4.863705553999999,58.61031180342775,0.0019497242262099372,1
795,stabble,jupiter-aggregator-v6,611,4.459063204000001,1.0679610057042663,0.0017875143670837658,3
795,stabble,,54,0.825706502,2.249303082615683,0.0003310027617449936,3
795,stabble,okx-aggregator,17,0.744388384,6.333306213554842,0.0002984045908783371,2
795,meteora,jupiter-aggregator-v4,4,0.063634011,2.3069245064061663,2.550910442256794e-05,1
795,orca-whirlpool,jupiter-aggregator-v4,17,0.016160474,0.13948339019476902,6.47828436878188e-06,2
795,raydium-clmm,jupiter-aggregator-v4,1,0.011549549,1.6834101122307576,4.629892833166922e-06,1
795,pumpswap,,1,0.00022922,0.033128859324289696,9.18879200580492e-08,1
796,orca-whirlpool,jupiter-aggregator-v6,16963,123534.12629335602,1050.7489545375126,47.83913307837473,3
796,meteora-dlmm,jupiter-aggregator-v6,5179,52248.49132909399,1455.9143402618897,20.2334577888318,2
796,raydium-clmm,jupiter-aggregator-v6,6016,47785.256577305,1146.4419202048941,18.50505052472227,2
796,orca-whirlpool,,7979,6075.197745593001,110.23249226881255,2.3526470146289986,10
796,meteora-dlmm-v2,okx-aggregator,82,5412.141422295001,9444.17741721754,2.095875540701337,1
796,meteora,jupiter-aggregator-v6,5158,4999.704263331,139.7155447686672,1.9361574391033112,2
796,raydium-clmm,,2784,3203.431249027,167.11218799272677,1.2405428234924016,3
796,orca-whirlpool-v2,okx-aggregator,181,2592.308466777,2070.874808168585,1.003882841473678,1
796,meteora-dlmm,dflow-v4,159,2570.408419326,2336.1186282588023,0.9954019518938774,2
796,meteora-dlmm,,2302,2491.4381965969997,155.60263497177954,0.9648203862349254,4
796,orca-whirlpool-v2,,482,1893.5894689240001,570.6869974305636,0.7333008401625472,7
796,orca-whirlpool,dflow-v4,200,1028.65317231,741.4859250567791,0.3983504597326565,1
796,meteora,,984,1019.940287798,148.88574855046448,0.3949763569306804,2
796,raydium-clmm,okx-aggregator,113,803.0474389630001,1023.0997555557902,0.3109836484338752,1
796,gamma,,6066,646.8559668269999,15.606532237154335,0.2504978147179554,1
796,raydium-clmm,dflow-v4,303,605.066351046,288.0111790050205,0.2343146024297658,1
796,orca-whirlpool-v2,jupiter-aggregator-v6,432,482.87214708999994,162.99077039029794,0.18699436016265758,1
796,gamma,jupiter-aggregator-v6,8771,423.135433438,7.011739585765737,0.16386105538437717,1
796,raydium-clmm,raydium-router,86,363.672552241,611.9635148114717,0.14083379342721009,1
796,meteora-dlmm-v2,,37,27.444625717,107.03858260250959,0.010628051870006717,2
796,meteora,okx-aggregator,80,13.903174471000002,25.20156362072266,0.00538406538894834,3
796,stabble,jupiter-aggregator-v6,382,4.787652286999999,1.8063367383572657,0.001854039379749078,4
796,stabble,,39,1.494914664,5.511088130882052,0.0005789122706229568,3
796,stabble,okx-aggregator,12,0.635020119,7.667235032738394,0.00024591433065342534,3
796,invariant,,4,0.272858619,10.437758036660862,0.00010566569884442199,2
796,meteora-dlmm-v2,jupiter-aggregator-v6,2,0.182485736,13.491858937231184,7.066840290494432e-05,1
796,raydium-clmm,jupiter-aggregator-v4,5,0.056436719,1.6437326766287839,2.1855367352794773e-05,1
796,meteora,jupiter-aggregator-v4,5,0.052923929,1.5157337597317455,2.0495023994010503e-05,2
796,orca-whirlpool,jupiter-aggregator-v4,21,0.020557872999999997,0.14087395823894577,7.961126627632288e-06,3
796,phoenix,,1,0.000120012,0.017228950163039998,4.6475174198975074e-08,1
796,pumpswap,,1,9.88e-06,0.0014034843676934668,3.826073401708777e-09,1
797,orca-whirlpool,jupiter-aggregator-v6,14323,117476.79314689401,1209.107404744255,45.54481255675516,2
797,meteora-dlmm,jupiter-aggregator-v6,3551,53898.650277803004,2238.228891407089,20.896075371202286,3
797,raydium-clmm,jupiter-aggregator-v6,7163,47754.663334487,985.0230470760015,18.514100802535086,1
797,meteora,jupiter-aggregator-v6,4953,4807.003730545999,143.19258892932723,1.8636368767198406,2
797,orca-whirlpool,,5635,4345.820120418999,113.81860322328868,1.6848396818456357,10
797,meteora-dlmm,,1621,4199.767563277999,377.635110364924,1.6282162742752233,4
797,meteora-dlmm-v2,okx-aggregator,70,3951.0364171250003,8278.311626834837,1.5317851994637066,1
797,meteora,,981,3613.5834199130004,536.737036531598,1.4009573730221223,2
797,raydium-clmm,dflow-v4,286,3508.947712538,1792.1260537429512,1.3603909466541593,1
797,orca-whirlpool-v2,okx-aggregator,199,2894.583884625,2131.1747237852537,1.122207007218901,1
797,raydium-clmm,okx-aggregator,177,2297.0661162349993,1899.5544834469122,0.890554150244632,1
797,raydium-clmm,,2953,2262.7179114960004,112.88807384154181,0.8772376261500168,1
797,orca-whirlpool,dflow-v4,169,1885.120670589,1666.3074855264517,0.7308461976952645,1
797,meteora-dlmm,dflow-v4,100,1519.385202603,2216.405908304531,0.5890534836742835,2
797,gamma,,6846,1194.6604532669996,25.434498345203743,0.46316029707227524,1
797,orca-whirlpool-v2,,575,825.924638868,210.36238028590716,0.32020437275822344,4
797,gamma,jupiter-aggregator-v6,9239,651.199481939,10.279355778317843,0.25246482771182094,1
797,raydium-clmm,raydium-router,121,550.485650306,671.1309593898005,0.21341888118294383,2
797,orca-whirlpool-v2,jupiter-aggregator-v6,241,240.785243261,147.28145302170626,0.09335051184996435,1
797,meteora-dlmm-v2,,27,30.834637099,168.70277888573636,0.011954342039057046,1
797,meteora,okx-aggregator,94,17.869015717,27.786576148173083,0.00692767439086325,3
797,stabble,jupiter-aggregator-v6,336,5.775324833,2.508179802112961,0.0022390472188362825,2
797,stabble,,112,2.8568699529999995,3.6997798750962168,0.0011075856177459084,2
797,stabble,okx-aggregator,12,0.750116463,9.2263119762993,0.00029081414965381557,1
797,meteora-dlmm-v2,jupiter-aggregator-v6,6,0.322482557,7.874832039300757,0.00012502390657721522,1
797,meteora,jupiter-aggregator-v4,6,0.078326826,1.9397407871734387,3.036668360426636e-05,2
797,orca-whirlpool,jupiter-aggregator-v4,35,0.0251785,0.10425773480998503,9.761502950853906e-06,2
797,raydium-clmm,jupiter-aggregator-v4,1,0.0076,1.1095071539361512,2.94645917852492e-06,1
798,orca-whirlpool,jupiter-aggregator-v6,16285,129207.08485443599,1101.7230791168056,44.519252376991616,2
798,raydium-clmm,jupiter-aggregator-v6,6935,47387.52272988901,952.6410356222652,16.327719848405245,1
798,meteora-dlmm,jupiter-aggregator-v6,3686,36499.11728444598,1380.6490715838868,12.576039586020272,4
798,orca-whirlpool,,5805,22273.897481431002,542.538304333725,7.674635369354671,10
798,orca-whirlpool-v2,okx-aggregator,243,10855.413162516,6276.444021341412,3.7403125283959575,1
798,orca-whirlpool,dflow-v4,273,7482.128391632999,3823.0689041529777,2.578022424694676,1
798,raydium-clmm,,2796,7243.653721779001,362.3907456623381,2.495854221420756,1
798,meteora-dlmm,,1359,6263.136997920999,650.7600274952614,2.1580099651365647,5
798,raydium-clmm,okx-aggregator,224,5206.555675884,3256.189903148729,1.7939570915222918,1
798,meteora,jupiter-aggregator-v6,4616,5036.243364539001,152.45816610365623,1.7352747307197178,2
798,orca-whirlpool-v2,,553,3283.4143192919996,826.8076401049079,1.1313245779321528,7
798,raydium-clmm,dflow-v4,228,2509.7749542500005,1531.8066199204586,0.8647614387677462,1
798,meteora-dlmm-v2,,92,1640.549202185,2480.543678423275,0.5652633061973982,1
798,meteora-dlmm,dflow-v4,125,1630.441884375,1825.235029908548,0.5617807554305824,2
798,meteora-dlmm-v2,okx-aggregator,81,1556.8224685880002,2705.265382695728,0.5364146436963805,1
798,meteora,,867,1368.100622556,221.9708679534922,0.47138914217674055,2
798,orca-whirlpool-v2,jupiter-aggregator-v6,245,521.84433506,298.57922903458996,0.17980530773689923,1
798,gamma,,857,100.240527576,16.481759025716205,0.034538611799703633,1
798,raydium-clmm,raydium-router,98,89.27008225799999,127.75579545980531,0.030758664095208534,4
798,gamma,jupiter-aggregator-v6,945,42.207006221,6.291789546709118,0.014542734743585098,1
798,meteora,okx-aggregator,86,18.614810520000002,29.894575384563897,0.006413870016674296,1
798,stabble,jupiter-aggregator-v6,298,4.921281135999999,2.282719337202008,0.0016956636484643205,3
798,meteora-dlmm-v2,jupiter-aggregator-v6,3,4.770921875,220.1240815201934,0.0016438562580629486,2
798,stabble,okx-aggregator,4,0.863168208,29.990087411647718,0.00029741096116393253,1
798,stabble,,24,0.623171911,3.638996584041673,0.00021471847005383982,2
798,phoenix,,1,0.094860513,14.37041911437,3.268488816705087e-05,1
798,pumpswap,,9,0.049469273,0.7617374331570487,1.7045002230910447e-05,1
798,orca-whirlpool,jupiter-aggregator-v4,39,0.045291596999999996,0.16262920321596377,1.5605553206866347e-05,3
798,raydium-clmm,jupiter-aggregator-v4,4,0.027616092000000002,0.9473268729115644,9.515327822768453e-06,1
798,gamma,dflow-v4,4,0.006688686,0.2347469040785788,2.3046360069180616e-06,1
799,orca-whirlpool,jupiter-aggregator-v6,13069,68468.09833463501,737.2763842954922,49.06669308865268,2
799,raydium-clmm,jupiter-aggregator-v6,4564,31008.779179836005,955.8470743724516,22.222002481134446,1
799,meteora-dlmm,jupiter-aggregator-v6,1484,24340.179368225,2306.1619952653136,17.44304486078171,2
799,meteora-dlmm,,354,4718.459407352,1871.650467287776,3.38141711575318,5
799,meteora,jupiter-aggregator-v6,2867,2206.193235584999,108.48502832693546,1.5810371401822847,2
799,orca-whirlpool-v2,okx-aggregator,142,1817.5211680470002,1815.2836926160287,1.3025008070010842,1
799,orca-whirlpool,,2361,1739.9037553059998,104.15215588299168,1.2468773873073693,4
799,orca-whirlpool,dflow-v4,175,1222.6062996960002,989.3732907231413,0.876163491239993,1
799,raydium-clmm,,1084,1090.2921520969999,142.00541405462565,0.7813424310756462,1
799,gamma,,11707,740.5447999400001,8.923182439721353,0.5307009439558635,1
799,raydium-clmm,dflow-v4,100,532.8756069149999,757.5619831616502,0.38187775759651105,1
799,raydium-clmm,raydium-router,72,432.935643282,851.3792426220087,0.3102571979176841,2
799,meteora-dlmm-v2,okx-aggregator,25,330.104948125,1859.3891701009627,0.23656503642809015,2
799,orca-whirlpool-v2,,343,265.6347226100001,109.19914099860931,0.19036336228139444,1
799,meteora,,246,254.95126612100006,146.01107638835043,0.1827072144779353,2
799,orca-whirlpool-v2,jupiter-aggregator-v6,132,110.388359376,117.88996879806122,0.07910825452738145,1
799,meteora-dlmm,dflow-v4,56,92.20743041300003,234.8358784840275,0.06607914924780844,2
799,gamma,jupiter-aggregator-v6,2299,81.35733877999999,4.989500681165715,0.05830358472813688,1
799,raydium-clmm,okx-aggregator,80,46.449127706999995,81.96557404237078,0.03328710960097023,1
799,meteora-dlmm-v2,,25,22.698370899,127.94750599461082,0.016266466071108175,2
799,meteora,okx-aggregator,44,9.090706797000001,29.214120008227273,0.006514726291758132,2
799,stabble,jupiter-aggregator-v6,198,2.8683127070000003,2.0462549815994,0.0020555356830387985,2
799,meteora-dlmm-v2,jupiter-aggregator-v6,4,2.8031029419999998,99.70121475457782,0.0020088040283928617,1
799,stabble,okx-aggregator,19,1.623079552,12.02130093670437,0.001163156976366115,2
799,gamma,dflow-v4,53,1.42401497,3.800977938687611,0.0010205001626471626,1
799,stabble,,7,0.49971808700000003,10.046306332467212,0.0003581158904960311,1
799,pumpswap,,5,0.366126861,10.219556937504121,0.0002623796301804293,1
799,orca-whirlpool,jupiter-aggregator-v4,12,0.029902188000000003,0.34876340158432,2.1428979582641635e-05,2
799,pumpswap,jupiter-aggregator-v6,1,0.000659186,0.092117903953013,4.7239631210810415e-07,1
800,orca-whirlpool,jupiter-aggregator-v6,18416,85567.63046693405,689.200349736091,42.7135945196388,2
800,meteora-dlmm,jupiter-aggregator-v6,6665,40199.325889696,903.1703443274537,20.06667353817653,5
800,raydium-clmm,jupiter-aggregator-v6,10442,33924.471869262,480.99023368602803,16.93439596035678,1
800,meteora,jupiter-aggregator-v6,5165,7662.005942304999,212.96461857086527,3.8247151784008624,2
800,orca-whirlpool-v2,okx-aggregator,329,5388.138166786999,2466.224820167836,2.6896473306090387,2
800,orca-whirlpool,,5994,5270.560243114001,129.99510782414742,2.630954858598023,14
800,meteora-dlmm-v2,okx-aggregator,161,3931.717842902999,3753.537032561785,1.9626323738423952,3
800,raydium-clmm,,2985,3476.468047539001,173.1753399562157,1.7353810749783853,1
800,orca-whirlpool,dflow-v4,213,3224.5510042790006,2241.0957530615656,1.6096292880038463,1
800,orca-whirlpool-v2,,780,3098.3276894210007,594.0762876047803,1.546621215204019,6
800,raydium-clmm,okx-aggregator,196,2020.0308639760003,1571.0358501642709,1.008357702208066,1
800,meteora-dlmm,,2141,1889.5589965999998,132.54527130976504,0.9432288397058828,6
800,meteora,,908,1732.3223511659999,272.0072306174596,0.8647395525765468,2
800,raydium-clmm,dflow-v4,149,991.871539988,987.6635512367681,0.49512179481221935,1
800,gamma,,11071,638.612822151,8.48433033103017,0.3187823361655534,1
800,raydium-clmm,raydium-router,235,492.20989681099996,310.8795466526625,0.24570101843666975,2
800,meteora-dlmm,dflow-v4,76,463.32610069099997,923.5553096072402,0.23128282374172202,2
800,orca-whirlpool-v2,jupiter-aggregator-v6,170,167.49998158,144.02500093601958,0.08361253263896112,1
800,meteora-dlmm-v2,,130,117.940650064,136.0499263259793,0.058873537536639126,1
800,meteora,okx-aggregator,81,30.816550276999997,56.249994508128054,0.015382985666928028,2
800,gamma,jupiter-aggregator-v6,636,21.252716384,4.906061188190204,0.010608917240239041,1
800,stabble,jupiter-aggregator-v6,342,6.651155378999998,2.862990523855599,0.0033201194469853097,2
800,meteora-dlmm-v2,jupiter-aggregator-v6,11,5.805534609,77.48214984378299,0.002898003017091621,1
800,stabble,okx-aggregator,19,2.7403640339999997,21.196171892615624,0.0013679331488524703,2
800,stabble,,33,2.66303392,12.021071302850556,0.0013293315524832705,3
800,gamma,dflow-v4,69,1.97326548,4.22188491212261,0.0009850133880345189,1
800,pumpswap,,4,0.283591358,10.047492120794299,0.00014156295095219025,1
800,orca-whirlpool,jupiter-aggregator-v4,13,0.031207264999999998,0.362127276526402,1.557802239004407e-05,3
800,meteora,jupiter-aggregator-v4,1,0.009620703,1.4012451842090927,4.802456310796994e-06,1
800,pumpswap,jupiter-aggregator-v6,1,0.00055587,0.08254014411295364,2.774788276368915e-07,1
801,orca-whirlpool,jupiter-aggregator-v6,26607,120726.15205613397,670.8774657975408,44.99768827544446,3
801,raydium-clmm,jupiter-aggregator-v6,11749,43636.77758537899,552.6094208508965,16.264529943924604,1
801,orca-whirlpool,dflow-v4,276,22381.423897624998,12468.58653628357,8.342122386520167,1
801,meteora-dlmm,jupiter-aggregator-v6,2396,21437.374972289996,1312.133255423567,7.990251490815307,5
801,raydium-clmm,dflow-v4,228,10069.30472281,6794.490798662069,3.753084376091019,1
801,orca-whirlpool-v2,okx-aggregator,320,9004.712536291001,4145.701799075747,3.3562839601614054,1
801,meteora-dlmm,dflow-v4,103,8575.067545353,12830.599493522514,3.196144412581482,2
801,orca-whirlpool,,7690,6244.583091437999,119.90685843887837,2.3275139526354303,32
801,raydium-clmm,,3580,5941.906001816003,247.98352883292583,2.214698551042935,2
801,meteora,jupiter-aggregator-v6,6884,4393.284375551999,95.14516435000625,1.6374881288732768,2
801,orca-whirlpool-v2,,1337,4228.27528967,476.6984899899642,1.5759850718912087,9
801,meteora-dlmm-v2,okx-aggregator,83,4213.037775149,7631.005839791736,1.5703056650946619,1
801,gamma,,5873,1958.518109883,50.55289279978505,0.7299892019199844,1
801,raydium-clmm,raydium-router,327,1297.667140733,591.1341344325633,0.4836733424323865,1
801,meteora,,855,1106.3076671119998,196.00982573655872,0.4123488299228917,2
801,raydium-clmm,okx-aggregator,314,1062.779866277,494.9464437571129,0.39612491836826647,1
801,meteora-dlmm,,1478,986.8320251529999,99.8235789061425,0.3678172383678162,6
801,orca-whirlpool-v2,jupiter-aggregator-v6,365,471.72986534000006,190.3715050677866,0.17582564398239847,1
801,meteora-dlmm-v2,,54,454.8471707339999,1256.3947727345208,0.1695330369855558,2
801,meteora,okx-aggregator,231,78.13672461800002,50.63616586185133,0.02912353220361229,2
801,meteora-dlmm-v2,jupiter-aggregator-v6,20,9.287046014,69.72653930090868,0.003461516783400603,2
801,gamma,dflow-v4,75,7.905780635000001,15.871313579274574,0.0029466842645855746,1
801,stabble,jupiter-aggregator-v6,270,4.448750502999999,2.456174051203215,0.0016581617565027793,3
801,stabble,okx-aggregator,13,2.110475193,24.09910801617364,0.0007866274475766937,1
801,stabble,,27,1.502412708,8.313232211873698,0.0005599871903828762,2
801,pumpswap,,3,0.10975916799999999,5.182196318566464,4.091001612260198e-05,1
801,orca-whirlpool,jupiter-aggregator-v4,13,0.027232091,0.3145913491801649,1.0150088618220614e-05,2
801,invariant,jupiter-aggregator-v6,2,0.010740334,0.7669765273848284,4.003193948246129e-06,1
802,orca-whirlpool,jupiter-aggregator-v6,16238,72404.798204557,603.2270550551249,47.65311294304698,2
802,raydium-clmm,jupiter-aggregator-v6,6753,27260.989873067007,545.8812414323929,17.941780953389376,1
802,meteora-dlmm,jupiter-aggregator-v6,3914,22868.64559771801,789.4799000519437,15.050965937972647,4
802,orca-whirlpool-v2,okx-aggregator,324,5202.613827044999,2167.809040795534,3.4240927458814414,1
802,orca-whirlpool,,7210,4106.628187437,77.14053160353002,2.7027713864786262,33
802,orca-whirlpool,dflow-v4,251,3062.715534816,1629.7308259499723,2.015721787949486,2
802,raydium-clmm,,4091,2850.3192006069994,94.49626388962216,1.8759334485889376,1
802,meteora,jupiter-aggregator-v6,4597,2788.948472528001,81.86077820946365,1.8355423928983567,2
802,meteora-dlmm-v2,,33,2645.863104613,10893.698864981568,1.7413709654953333,2
802,orca-whirlpool-v2,,732,1791.970805708,331.72876538609415,1.1793829872130184,8
802,raydium-clmm,okx-aggregator,247,1701.222259368,929.5406428562945,1.1196569630351736,1
802,meteora-dlmm,,1590,1523.2753792310002,130.2425409334886,1.0025414819164429,5
802,meteora,,793,834.7391753410001,141.76237330377757,0.5493823777829,2
802,meteora-dlmm-v2,okx-aggregator,72,750.863099638,1412.2960176501722,0.494179460188924,2
802,raydium-clmm,dflow-v4,168,704.0007173970001,559.1988899390359,0.46333705127285224,1
802,orca-whirlpool-v2,jupiter-aggregator-v6,610,513.099130028,113.94493211790596,0.33769544837519555,1
802,meteora-dlmm,dflow-v4,137,488.030446456,480.52123388208844,0.3211965306347572,2
802,raydium-clmm,raydium-router,147,217.50672224299993,201.26161488777984,0.1431517338344751,1
802,gamma,,1528,179.10826655600002,15.789614757645053,0.11787984590625177,1
802,meteora,okx-aggregator,104,33.919728631,44.12889647668189,0.02232422021098618,2
802,stabble,okx-aggregator,21,4.421180127,28.52882038842479,0.0029097932893655367,1
802,meteora-dlmm-v2,jupiter-aggregator-v6,13,2.6824807820000003,28.108001678195816,0.0017654708367677453,2
802,stabble,jupiter-aggregator-v6,113,2.38058206,2.854677262469233,0.0015667766306713031,2
802,stabble,,15,1.794561308,16.20726809803771,0.0011810879225399719,2
802,gamma,dflow-v4,4,0.358155084,12.006464331350692,0.00023571924916854898,1
802,orca-whirlpool,jupiter-aggregator-v4,19,0.240284123,1.6831302321370654,0.00015814264711284476,2
802,pumpswap,,5,0.22073975499999998,5.672536262848515,0.00014527954965522547,1
802,meteora-ammv2,,1,0.010809697,1.60556429541,7.114386405246495e-06,1
802,meteora,jupiter-aggregator-v4,1,0.0102,1.38106876049912,6.713115208827246e-06,1
802,meteora-ammv2,jupiter-aggregator-v6,4,0.004824047,0.16714650468794937,3.1749395376272004e-06,1
802,orca-whirlpool-v2,photon,1,9.9311e-05,0.013586402807855748,6.536139063763163e-08,1
803,orca-whirlpool,jupiter-aggregator-v6,23177,120674.565440246,737.9777825284098,46.26391343300034,3
803,raydium-clmm,jupiter-aggregator-v6,9599,53882.788469105,794.4637452960666,20.65744883496355,1
803,meteora-dlmm,jupiter-aggregator-v6,2975,33806.38139199401,1608.040272547453,12.960606044002306,4
803,orca-whirlpool-v2,okx-aggregator,376,14002.539590340999,5336.331689992834,5.368258647431972,1
803,orca-whirlpool,,10621,5908.004253528001,79.31612842732599,2.2649959115233753,22
803,raydium-clmm,okx-aggregator,255,5767.6905634350005,3247.1414954774123,2.2112027995428583,1
803,meteora,jupiter-aggregator-v6,7574,5378.657951793,100.9250822215463,2.0620564487608317,2
803,raydium-clmm,,5704,5053.68840343,125.93666066229858,1.9374704351383376,1
803,orca-whirlpool-v2,,1077,3683.092200309999,487.57165263316114,1.4120146867673955,9
803,meteora-dlmm,dflow-v4,106,3034.8619433840004,3977.228335504722,1.163497790255961,2
803,meteora-dlmm-v2,okx-aggregator,36,2346.595234695,9460.594222518577,0.8996318188854567,1
803,meteora-dlmm-v2,,17,1849.430757927,15748.99050857414,0.7090301437831182,1
803,orca-whirlpool,dflow-v4,358,1415.89370149,568.1595750908,0.5428217901352175,1
803,meteora,,1330,1143.954087405,120.22642591189496,0.43856626023847517,3
803,meteora-dlmm,,1661,1052.33310913,91.06691411899529,0.40344083847211043,5
803,orca-whirlpool-v2,jupiter-aggregator-v6,631,669.600197113,151.86577844806226,0.2567096507946012,1
803,raydium-clmm,dflow-v4,265,663.297225011,358.84236332838935,0.2542932330960271,1
803,raydium-clmm,raydium-router,168,272.070298766,233.03699320694497,0.1043056314632717,3
803,gamma,,445,186.106330013,57.648352381583614,0.07134897987528459,1
803,meteora,okx-aggregator,151,35.624777782,33.86577330506909,0.013657738309340972,2
803,meteora-dlmm-v2,jupiter-aggregator-v6,7,5.804106148000001,120.90151583688657,0.002225163715381097,2
803,stabble,jupiter-aggregator-v6,170,3.3911287900000002,2.8203819333887004,0.0013000824838967438,2
803,stabble,okx-aggregator,11,2.341506577,29.984256535995247,0.0008976809420106756,1
803,stabble,,9,0.670471658,10.54745993878474,0.00025704374929240247,3
803,orca-whirlpool,jupiter-aggregator-v4,51,0.055871117,0.15305804104361162,2.1419729259957004e-05,4
803,phoenix,,1,0.04239576,6.202499688,1.625358055701866e-05,1
803,meteora,jupiter-aggregator-v4,2,0.019005670000000002,1.3916880473503663,7.286346285220807e-06,2
803,pumpswap,,17,0.008318321,0.07168405698415115,3.189057124406781e-06,1
803,invariant,jupiter-aggregator-v6,1,0.00195023,0.28487431851844713,7.476743053955043e-07,1
803,meteora-ammv2,jupiter-aggregator-v6,4,4.2470000000000005e-05,0.0015146396536350392,1.6282042502754583e-08,1
804,orca-whirlpool,jupiter-aggregator-v6,18544,128742.898655851,954.3651564219441,43.01943071118558,2
804,raydium-clmm,jupiter-aggregator-v6,8641,58935.14622291,937.8757994677468,19.69317504779393,1
804,meteora-dlmm,jupiter-aggregator-v6,3638,55567.906287724014,2104.179807046217,18.568012055566342,4
804,orca-whirlpool-v2,okx-aggregator,315,27412.328844852,12019.223881486427,9.15982779388625,1
804,meteora,jupiter-aggregator-v6,7600,8158.123390471998,148.60950863846944,2.7260363685602207,2
804,orca-whirlpool,,7098,6016.3583835459995,116.53650667659228,2.0103657391347305,7
804,raydium-clmm,okx-aggregator,247,4726.1151296299995,2624.4247311053336,1.5792310447793663,1
804,raydium-clmm,,3571,3497.449953687,134.64980665329477,1.1686726609339024,1
804,meteora,,891,2023.6139472989996,312.48729111437797,0.676190460995665,2
804,meteora-dlmm,,1239,813.3864412519999,90.12358619195248,0.271793023274981,5
804,orca-whirlpool-v2,,524,689.48492148,181.06976138858053,0.23039133898410227,7
804,raydium-clmm,dflow-v4,320,682.598511226,294.68784732270785,0.22809024547243087,1
804,orca-whirlpool,dflow-v4,408,637.5304732840001,215.22590828183945,0.21303076370079813,1
804,meteora-dlmm-v2,okx-aggregator,75,581.932245906,1069.0111411605444,0.19445261985500617,1
804,orca-whirlpool-v2,jupiter-aggregator-v6,456,254.06441121200007,76.34373552445096,0.08489560549300304,1
804,meteora-dlmm,dflow-v4,125,226.59786197000005,248.4109908393225,0.07571765995714738,2
804,raydium-clmm,raydium-router,109,186.12688352100002,235.4748408263831,0.06219428529821028,1
804,meteora,okx-aggregator,192,80.336804007,57.94824736281029,0.02684453752106167,2
804,meteora-dlmm-v2,,55,27.389424029,68.12264587040755,0.009152174151248207,2
804,stabble,okx-aggregator,16,3.10134461,26.48547668200475,0.001036314087645722,1
804,stabble,jupiter-aggregator-v6,117,2.9230750629999998,3.407833897243905,0.000976745330804372,2
804,stabble,,4,0.521973924,17.9334797426959,0.00017441755072323853,1
804,meteora-dlmm-v2,jupiter-aggregator-v6,5,0.409251999,11.290792772251375,0.0001367515272547777,1
804,gamma,,11,0.385492576,4.8377796644352316,0.00012881231769714207,1
804,orca-whirlpool,jupiter-aggregator-v4,25,0.049850374999999995,0.27218531933561346,1.66574993699014e-05,3
804,meteora-ammv2,,4,0.042293111,1.4982687354465496,1.4132240125248207e-05,1
804,meteora-ammv2,jupiter-aggregator-v6,4,0.021964837,0.7554745901197951,7.339548769442296e-06,1
804,pumpswap,,27,0.014045651999999999,0.07029440829847373,4.693353647587492e-06,1
805,orca-whirlpool,jupiter-aggregator-v6,16681,79858.38122315897,638.4694973255836,48.94854343062876,3
805,raydium-clmm,jupiter-aggregator-v6,8295,31000.068646002997,498.04181103124523,19.001239234126892,1
805,meteora-dlmm,jupiter-aggregator-v6,1587,13898.374999953001,1181.835243911253,8.518895598438146,2
805,raydium-clmm,raydium-router,135,9535.981480741,9238.849032349304,5.845002071346247,2
805,meteora,jupiter-aggregator-v6,5276,5204.544430912001,132.44234946140716,3.1900830596758216,2
805,orca-whirlpool,,4739,4807.3019587730005,135.4034281138288,2.9465965263631815,8
805,meteora-dlmm,dflow-v4,96,4354.354608685,6072.7180823539375,2.6689661424512536,2
805,orca-whirlpool,dflow-v4,475,3869.543484643,1083.945504485346,2.3718051181812068,1
805,raydium-clmm,,1803,2628.439247239001,194.13687563885696,1.6110803985460256,1
805,orca-whirlpool-v2,,371,2090.615059043,759.09242636285,1.2814254489873922,5
805,orca-whirlpool-v2,okx-aggregator,225,1955.365607437,1137.7868851445264,1.1985254007456787,1
805,raydium-clmm,dflow-v4,343,1245.956793495,479.3209481661984,0.7636990543127924,1
805,meteora,,477,1084.091071987,307.44725028137486,0.6644847805219946,2
805,raydium-clmm,okx-aggregator,197,656.738545159,436.37325981617465,0.4025425347710503,1
805,meteora-dlmm,,401,489.52102500100005,162.47946594526522,0.3000479196480201,4
805,meteora-dlmm-v2,,28,227.468468746,1101.2918418477186,0.13942494264187846,2
805,orca-whirlpool-v2,jupiter-aggregator-v6,367,188.843875272,69.09828695908182,0.11575031310150166,2
805,meteora,okx-aggregator,140,40.860240278000006,39.12578485620998,0.025044951014529138,2
805,meteora-dlmm-v2,okx-aggregator,23,4.54320273,26.21184104190703,0.002784719058130181,1
805,stabble,jupiter-aggregator-v6,111,2.627445659,3.125731999494822,0.0016104713867388244,2
805,stabble,okx-aggregator,10,1.862576944,25.06544137795809,0.0011416513462939107,1
805,stabble,,13,1.195997961,12.13615771140658,0.0007330771954086972,3
805,meteora-dlmm-v2,jupiter-aggregator-v6,7,0.5171265429999999,9.775169470021195,0.00031696849674966543,2
805,gamma,,9,0.28410411599999996,4.2137729873538,0.00017413930069513486,1
805,pumpswap,,18,0.107609389,0.8031854586887646,6.595829730495963e-05,1
805,orca-whirlpool,jupiter-aggregator-v4,10,0.026249499,0.3499484577205397,1.608941631615658e-05,2
806,orca-whirlpool,jupiter-aggregator-v6,25321,112310.990656898,558.4747740338829,48.948650615752356,3
806,raydium-clmm,jupiter-aggregator-v6,11123,47403.500318944,536.1935730940351,20.6599315125281,1
806,meteora-dlmm,jupiter-aggregator-v6,6618,22963.54471742901,433.4949060394935,10.008232682289155,3
806,orca-whirlpool,,8594,12264.43675783,178.86902555524065,5.345226022375398,8
806,orca-whirlpool-v2,okx-aggregator,233,6596.128366663001,3616.5959824792867,2.874799527169963,1
806,meteora,jupiter-aggregator-v6,6977,5688.037592683,103.69192793049403,2.4790250997256695,2
806,raydium-clmm,,2910,3637.541681977,156.28550501035306,1.5853546999266235,1
806,orca-whirlpool,dflow-v4,402,3401.058564422,1072.6369255426412,1.4822879436811374,2
806,meteora-dlmm,,1577,2660.482345623999,207.57772076835386,1.1595216108738693,5
806,meteora-dlmm-v2,okx-aggregator,82,2479.192752632,3805.99145602744,1.0805099229194253,1
806,raydium-clmm,okx-aggregator,211,1998.8880588280003,1213.6400218994577,0.871178080072984,1
806,meteora-dlmm,dflow-v4,192,1863.469281831,1188.1418193794402,0.8121583317538863,2
806,meteora-dlmm-v2,,38,1435.1691479170004,4717.4784067187165,0.6254917064217137,1
806,orca-whirlpool-v2,,512,1211.131397762,292.7295292858858,0.527849031444536,4
806,raydium-clmm,dflow-v4,296,1118.009313709,473.46699154853786,0.4872635078883776,1
806,raydium-clmm,raydium-router,137,959.9539275550001,874.6189882222109,0.41837801565347493,1
806,orca-whirlpool-v2,jupiter-aggregator-v6,953,849.083454792,110.5391029645527,0.37005718789532305,2
806,meteora,,741,538.484100214,91.92711303602485,0.23468825205215116,2
806,meteora,okx-aggregator,111,36.704111507,42.14181785531647,0.015996802448357827,2
806,gamma,,5,21.375472558,521.8893642773007,0.009316101050025614,1
806,meteora-dlmm-v2,jupiter-aggregator-v6,13,5.94419564,55.48198089622439,0.002590666807159608,2
806,stabble,jupiter-aggregator-v6,127,2.1438147300000003,2.130540342494852,0.0009343416667407734,2
806,stabble,,17,0.50650986,3.8084840262473953,0.00022075287579213326,2
806,stabble,okx-aggregator,2,0.444696162,28.138938886404837,0.000193812528378469,1
806,orca-whirlpool,jupiter-aggregator-v4,14,0.28082506,2.4909242222105026,0.0001223923648584025,2
806,pumpswap,,5,0.028895605,0.7210667698555693,1.2593610520244453e-05,1
806,meteora-ammv2,jupiter-aggregator-v6,2,0.010159688,0.6184874579426198,4.427910531002944e-06,1
806,meteora-ammv2,,1,0.01,1.2109790701737817,4.358313494472413e-06,1
807,orca-whirlpool,jupiter-aggregator-v6,24099,95771.05832041301,516.3206580116163,47.72899566135923,3
807,raydium-clmm,jupiter-aggregator-v6,9504,32327.744233056,441.2622327136809,16.11103386869628,1
807,meteora-dlmm,jupiter-aggregator-v6,3976,28556.586548793002,936.9493171277529,14.231618814637867,3
807,orca-whirlpool-v2,okx-aggregator,256,8914.814412803002,4643.836332754044,4.442836342133283,1
807,orca-whirlpool,,6582,7462.290133789001,149.67579754696175,3.718948288404828,6
807,meteora,jupiter-aggregator-v6,5238,4891.198124572,119.85965080878158,2.4376046183545883,2
807,orca-whirlpool-v2,,503,4100.552875677001,1091.242302939018,2.0435742681006395,3
807,meteora-dlmm,,1225,3970.3212164650004,426.616710386847,1.9786712962998534,4
807,raydium-clmm,okx-aggregator,192,3662.1613204399996,2554.068405731944,1.8250950218143578,1
807,raydium-clmm,,2703,3499.1464999620002,169.41260692899561,1.743854051987116,1
807,orca-whirlpool,dflow-v4,339,1887.14981781,727.1128228731748,0.9404904471791777,2
807,gamma,,4872,1133.85037412,31.378979309524812,0.5650719594843319,1
807,raydium-clmm,dflow-v4,270,1091.87543556,526.8674031804886,0.5441530963585494,1
807,meteora,,497,1081.4390771029998,275.3956076502287,0.5389519748898062,2
807,meteora-dlmm-v2,okx-aggregator,48,779.9035157979998,2185.295664079539,0.3886770405863571,1
807,meteora-dlmm,dflow-v4,120,720.020963593,760.7381970836958,0.3588336398293002,2
807,orca-whirlpool-v2,jupiter-aggregator-v6,399,346.510136356,110.97572938773537,0.1726887129034411,3
807,raydium-clmm,raydium-router,85,255.92400984900002,382.44569688267427,0.1275437086103185,1
807,meteora-dlmm-v2,,16,106.23035278699999,895.7681568144683,0.05294154764701693,1
807,meteora,okx-aggregator,105,52.902134919999995,66.4569677343834,0.026364601293490553,2
807,meteora-dlmm-v2,jupiter-aggregator-v6,7,40.769649240999996,724.97319284945,0.02031818845760913,2
807,stabble,jupiter-aggregator-v6,77,1.648056335,2.825576394162174,0.0008213344933468765,2
807,stabble,okx-aggregator,6,1.4294070479999998,32.03437191092536,0.0007123672222985838,1
807,stabble,,6,0.35035121399999997,7.82073592697738,0.0001746029736563302,1
807,orca-whirlpool,jupiter-aggregator-v4,28,0.048878249,0.23086982365491254,2.4359235194528392e-05,3
807,pumpswap,,18,0.00037506000000000003,0.0027317768356851548,1.869169812539688e-07,1
807,meteora-ammv2,jupiter-aggregator-v6,1,2.63e-07,3.31168731981206e-05,1.3107013829732256e-10,1
808,orca-whirlpool,jupiter-aggregator-v6,18348,77337.460241345,557.6427910812018,50.746237232235615,3
808,raydium-clmm,jupiter-aggregator-v6,5085,21416.843979324,556.5894433638308,14.053011851551997,1
808,meteora-dlmm,jupiter-aggregator-v6,2253,20011.853010494,1177.2348910923129,13.131104087954668,3
808,orca-whirlpool,dflow-v4,351,6684.406402428,2533.6730918143858,4.386082397789206,1
808,orca-whirlpool,,5290,5343.912917197,133.96974669617074,3.5064957111109156,7
808,orca-whirlpool-v2,okx-aggregator,168,4419.956266887,3516.402538781573,2.9002264694961415,1
808,orca-whirlpool-v2,,376,3363.2506392759997,1206.0204334258917,2.206851819022183,5
808,meteora,jupiter-aggregator-v6,3904,2725.484758465,92.95713508623251,1.7883713234736802,2
808,raydium-clmm,dflow-v4,242,2569.186081424001,1399.9672267199362,1.6858133946322715,1
808,raydium-clmm,,2168,2279.517451692,141.27275150356562,1.4957425937908153,1
808,raydium-clmm,okx-aggregator,156,1577.087315291,1350.0046587908716,1.0348315911584791,1
808,meteora,,341,1256.182702201,496.18343017261344,0.8242647898442818,3
808,gamma,,15334,1254.6965189129996,10.942431075928468,0.8232896064148274,1
808,meteora-dlmm-v2,okx-aggregator,53,558.351458092,1403.0929379246734,0.36637142547582224,1
808,orca-whirlpool-v2,jupiter-aggregator-v6,295,473.8069599930001,216.26173818843125,0.3108961726834048,2
808,meteora-dlmm,,612,404.3703250470001,87.72853076878795,0.26533419096611416,6
808,raydium-clmm,raydium-router,94,355.618188056,509.1433337484167,0.2333446802994433,1
808,meteora-dlmm,dflow-v4,124,319.06547286,341.1323454242243,0.20936001942449362,2
808,meteora,okx-aggregator,95,42.62620563800001,59.9165267597595,0.02796988079083043,2
808,meteora-dlmm-v2,,6,2.497434029,55.48519238001199,0.0016387321139327848,1
808,stabble,okx-aggregator,8,1.8555775030000001,30.960271311774882,0.0012175674747552296,1
808,stabble,,9,0.934891302,13.800047198428567,0.0006134441918520979,2
808,meteora-dlmm-v2,jupiter-aggregator-v6,10,0.660713019,8.811383886235728,0.0004335376349309695,2
808,stabble,jupiter-aggregator-v6,41,0.579093487,1.8867765059724384,0.0003799816464005655,2
808,pumpswap,,16,0.147388457,1.2853141028340007,9.671134248363417e-05,1
808,orca-whirlpool,jupiter-aggregator-v4,31,0.0316802,0.13771496526549806,2.0787480475150287e-05,1
809,orca-whirlpool,jupiter-aggregator-v6,21759,121190.080835335,747.0209527736655,52.95631253397163,3
809,meteora-dlmm,jupiter-aggregator-v6,3779,44637.605843132,1576.9628897339715,19.505251498338122,2
809,raydium-clmm,jupiter-aggregator-v6,6240,44322.929397355,948.6855840547139,19.3677476358538,1
809,meteora,jupiter-aggregator-v6,4467,4000.733082355,119.98133465511914,1.7481964696603993,2
809,orca-whirlpool,dflow-v4,391,2986.42486908,1019.253273418177,1.3049751896866009,1
809,orca-whirlpool,,4148,2949.843535342,94.84825574429219,1.2889902796264185,8
809,raydium-clmm,,2046,1820.2089620199995,118.66117986691755,0.7953749515262525,1
809,orca-whirlpool-v2,,521,1199.1690762689998,308.9133055678872,0.5239997526716699,4
809,gamma,,3579,1082.647666409,39.90202649776974,0.4730835047831213,1
809,meteora-dlmm,dflow-v4,163,987.769834773,827.918360223327,0.43162483036001936,2
809,orca-whirlpool-v2,okx-aggregator,231,866.6660872340001,516.0275275078691,0.37870624280313575,1
809,raydium-clmm,dflow-v4,291,669.347927089,314.5264339350174,0.29248431700489635,1
809,raydium-clmm,okx-aggregator,164,659.776462688,534.2909363506902,0.28830188345312874,1
809,meteora-dlmm,,799,643.6436829539999,109.00771797953841,0.28125235827956074,6
809,orca-whirlpool-v2,jupiter-aggregator-v6,481,250.64811165700002,69.49704623542165,0.10952546318533213,2
809,raydium-clmm,raydium-router,105,239.17037049500001,307.56364516561257,0.10451004571907295,3
809,meteora,,361,193.58113128699995,72.01794767801356,0.08458895990871566,2
809,meteora-dlmm-v2,okx-aggregator,45,70.17281144900001,208.63644817134926,0.03066334562091667,1
809,meteora,okx-aggregator,101,28.090539485000004,37.71907652070424,0.012274695898889146,2
809,meteora-dlmm-v2,,13,25.055962161999997,259.1465592858993,0.01094867957793595,1
809,meteora-dlmm-v2,jupiter-aggregator-v6,16,12.036410656,102.3477828864881,0.005259538735289932,2
809,stabble,okx-aggregator,27,6.201693295,31.034097798601604,0.002709947927306773,1
809,stabble,jupiter-aggregator-v6,146,4.3104366590000005,3.982328366770269,0.001883527342324687,2
809,stabble,,29,3.015818838,14.028891566927847,0.0013178194438863845,3
809,orca-whirlpool,jupiter-aggregator-v4,19,0.029187199,0.21035747036704255,1.275390214761343e-05,1
809,pumpswap,,29,0.008638414,0.04062216288807014,3.774719419515861e-06,1
810,orca-whirlpool,jupiter-aggregator-v6,23272,160862.25413517302,982.0160372931275,43.38465959634647,3
810,raydium-clmm,jupiter-aggregator-v6,7072,61227.422572268006,1231.1634048284748,16.513077605063177,1
810,meteora-dlmm,jupiter-aggregator-v6,5900,50422.892170793,1210.705259904929,13.59908839058607,2
810,orca-whirlpool,dflow-v4,373,27083.980125501002,10577.641199845,7.304567902372508,1
810,orca-whirlpool-v2,okx-aggregator,362,15177.761080025997,5937.176548728294,4.093452509612849,1
810,raydium-clmm,dflow-v4,256,10156.771141881,5769.386825585002,2.73928810060205,1
810,meteora-dlmm,dflow-v4,167,9783.942096206998,8537.64848547584,2.6387358528348064,2
810,meteora,jupiter-aggregator-v6,6339,8879.336976308998,198.51262948001448,2.3947632353498594,2
810,orca-whirlpool,,5438,5300.746349662,138.67728095424576,1.4296149039004307,6
810,meteora-dlmm,,1171,5250.115900054001,631.0796065854908,1.4159598371275428,5
810,orca-whirlpool-v2,,783,4501.235009401999,815.0950257510176,1.2139861504238587,3
810,raydium-clmm,okx-aggregator,303,4284.201123377001,2005.0919035685904,1.1554519634159197,1
810,raydium-clmm,,1576,3294.8269232819994,298.4217885325842,0.8886170672167135,1
810,meteora-dlmm-v2,okx-aggregator,102,1425.441247488,1995.8585825374257,0.3844424761379515,1
810,meteora,,512,1395.456144541,390.9703815116787,0.37635547343299214,2
810,gamma,,7373,1120.858309146,21.37367853173479,0.3022962500399465,1
810,raydium-clmm,raydium-router,89,302.881415701,482.33000207555057,0.08168732428183849,1
810,orca-whirlpool-v2,jupiter-aggregator-v6,527,214.48135461400003,57.406255720461566,0.057845767546390835,3
810,meteora,okx-aggregator,212,67.87885232900004,45.54928564476451,0.018306972744580142,2
810,meteora-dlmm-v2,,31,20.714707551,94.07118077748694,0.005586770747243304,1
810,stabble,jupiter-aggregator-v6,365,4.043354281000002,1.5592154356640255,0.0010904954058471028,2
810,stabble,okx-aggregator,19,3.078901934,22.83020063471608,0.0008303819504162708,1
810,stabble,,8,0.59667717,10.555243028314925,0.00016092423949007163,2
810,meteora-dlmm-v2,jupiter-aggregator-v6,6,0.419321457,9.835664638056185,0.00011309128279467066,2
810,orca-whirlpool,jupiter-aggregator-v4,23,0.042919657,0.2619308603301677,1.1575460750240754e-05,2
810,pumpswap,,40,0.034786257999999994,0.12820812867769654,9.381877495590153e-06,1
811,orca-whirlpool,jupiter-aggregator-v6,20067,94320.61978765701,651.390164347608,48.616626205165076,3
811,raydium-clmm,jupiter-aggregator-v6,8039,30188.479708518997,520.7512612371987,15.560351882710382,2
811,meteora-dlmm,jupiter-aggregator-v6,3004,21012.250291171,966.659689526883,10.830555613767427,3
811,orca-whirlpool-v2,okx-aggregator,366,9232.254505826002,3547.615138371652,4.7586738440774115,1
811,orca-whirlpool,dflow-v4,313,9065.920857088,4015.3259316702097,4.672938817693553,1
811,raydium-clmm,dflow-v4,207,6047.144646512999,4060.429870875928,3.1169406175441603,1
811,meteora,jupiter-aggregator-v6,6312,5289.590529083999,116.85834460182764,2.7264668755337307,2
811,meteora-dlmm,dflow-v4,94,4391.095575737999,6406.140264828268,2.263346580179543,2
811,orca-whirlpool,,5680,4332.4515850299995,105.76549320694666,2.233119117914679,5
811,orca-whirlpool-v2,,1010,2541.124338287,349.457238288974,1.3097972890071417,4
811,gamma,,13955,2135.266908044001,21.108358499727366,1.1006021095953242,1
811,raydium-clmm,,2491,1881.0682720399998,104.82499158814177,0.9695779486399424,2
811,meteora-dlmm-v2,okx-aggregator,65,1486.1144885200001,3148.825643867328,0.766002945581913,1
811,meteora,,697,638.9411919289997,127.23728580267569,0.3293358882185781,2
811,raydium-clmm,okx-aggregator,283,512.0894938550001,252.480635807554,0.2639514409721751,1
811,meteora-dlmm,,926,489.29278884200005,72.90760790936635,0.2522011059041747,4
811,meteora-dlmm-v2,,51,157.258018489,419.91450747266003,0.08105708295658526,2
811,raydium-clmm,raydium-router,88,129.20803877,204.60215658260967,0.06659899964318934,4
811,orca-whirlpool-v2,jupiter-aggregator-v6,213,114.857437878,74.14080185280298,0.059202125015387415,2
811,meteora,okx-aggregator,127,40.883725374,44.725974276144136,0.021073109982282855,2
811,stabble,jupiter-aggregator-v6,155,1.175560035,1.0562618883452688,0.0006059307384958974,2
811,stabble,okx-aggregator,4,0.7499416019999999,25.590267410164497,0.0003865499465781485,1
811,meteora-dlmm-v2,jupiter-aggregator-v6,7,0.510616451,10.25080020407213,0.0002631921756701981,2
811,stabble,,8,0.48034450400000006,8.195907572771377,0.0002475888014015087,2
811,orca-whirlpool,jupiter-aggregator-v4,31,0.100802619,0.45511603853018046,5.195770828751471e-05,1
811,pumpswap,,16,0.025652384000000004,0.22929365905449742,1.3222266424955785e-05,1
811,invariant,jupiter-aggregator-v6,5,0.022356548,0.6364219552972991,1.1523460509491529e-05,1
811,stabble,dflow-v4,1,0.000843551,0.12032332234225065,4.3479998058027965e-07,1
812,orca-whirlpool,jupiter-aggregator-v6,16257,83311.61465985597,718.8366215904817,47.473072529418545,2
812,meteora-dlmm,jupiter-aggregator-v6,4851,41037.066394053996,1193.434291341596,23.3839619754509,3
812,raydium-clmm,jupiter-aggregator-v6,5972,31357.339191247003,736.0973542289589,17.8682077383017,1
812,meteora,jupiter-aggregator-v6,5143,7075.158227761,193.7163073715509,4.0316047297239,3
812,orca-whirlpool,,4704,3141.8740475140007,93.55396773785942,1.790319574826349,6
812,orca-whirlpool-v2,okx-aggregator,288,2657.268444982,1286.2562768201747,1.5141790029374016,1
812,orca-whirlpool-v2,,566,1244.681671679,309.09163997318177,0.7092512072524659,4
812,orca-whirlpool,dflow-v4,237,1130.762332604,675.1799713873277,0.6443370765098192,1
812,raydium-clmm,okx-aggregator,205,883.7254278800002,601.4075257718271,0.5035691782607352,1
812,meteora-dlmm,dflow-v4,117,836.004640244,1017.0548655503924,0.4763766622849714,2
812,raydium-clmm,,1382,823.5378359779999,83.5822574753878,0.46927276079961133,1
812,meteora-dlmm,,957,640.839270908,94.42651426329505,0.36516648142908265,5
812,gamma,,15559,377.68683833799986,3.4231184731487065,0.21521554639207185,1
812,meteora,,398,292.6797180949999,103.74431191168824,0.16677633174848042,3
812,raydium-clmm,raydium-router,82,190.460955148,325.64110330387416,0.10852948625085462,1
812,meteora-dlmm-v2,okx-aggregator,90,124.32444805099999,191.53044570754662,0.07084322592476393,1
812,orca-whirlpool-v2,jupiter-aggregator-v6,180,97.84820496100001,77.34300805385656,0.055756390629951996,2
812,meteora-dlmm-v2,,39,87.74710200300001,320.8922017302581,0.05000052579273715,1
812,raydium-clmm,dflow-v4,148,86.165837379,81.27706065955586,0.04909948107658513,1
812,meteora-dlmm-v2,jupiter-aggregator-v6,23,59.239182599,361.7145567554402,0.03375598976910596,1
812,meteora,okx-aggregator,108,29.96210417,38.87019487241026,0.01707316741133562,2
812,stabble,okx-aggregator,19,3.3022023590000003,24.276989998977765,0.0018816787159349367,1
812,stabble,jupiter-aggregator-v6,125,2.0565325,2.291465158691752,0.0011718644144662078,3
812,stabble,,12,0.95063747,11.075784605234853,0.0005416973581264518,2
812,orca-whirlpool,jupiter-aggregator-v4,17,0.038827927000000005,0.32088297420574174,2.2125138279502837e-05,3
812,stabble,dflow-v4,5,0.023470455999999997,0.663353342503737,1.3374061522341557e-05,2
812,pumpswap,,6,0.00034768600000000005,0.00821795634821878,1.9812030726871467e-07,1
813,orca-whirlpool,jupiter-aggregator-v6,11187,79751.282840952,984.9400130865384,50.927803407300075,2
813,raydium-clmm,jupiter-aggregator-v6,4047,24519.203242424996,834.7435056158195,15.657543276440524,1
813,meteora-dlmm,jupiter-aggregator-v6,988,18473.990080663,2578.3819064361314,11.797173681240134,4
813,orca-whirlpool-v2,okx-aggregator,318,10395.448569449001,4484.938458910844,6.6383554247198076,1
813,meteora,jupiter-aggregator-v6,3613,5366.5416421400005,204.30798729287503,3.4269815856511023,3
813,orca-whirlpool-v2,,351,3718.3710188449995,1454.9676973686,2.3744880520705576,4
813,meteora-dlmm-v2,okx-aggregator,21,3208.572806346,20952.42567491979,2.0489396443374828,2
813,orca-whirlpool,,4461,3047.2942768309986,94.52705583722233,1.9459499374340998,6
813,orca-whirlpool,dflow-v4,356,2535.5291754389996,970.5819902485541,1.6191455081387578,1
813,raydium-clmm,okx-aggregator,230,2268.703748688,1353.7471529392992,1.448755360249299,1
813,raydium-clmm,,1379,1426.023960873,142.65295017205705,0.9106344794261694,1
813,raydium-clmm,dflow-v4,267,873.658362768,446.8486759257045,0.5579032682511922,1
813,meteora,,375,529.8775245920001,193.59227987797854,0.33837071255876067,3
813,meteora-dlmm,,296,162.63079048400002,75.93714209700742,0.10385323759945791,4
813,raydium-clmm,raydium-router,70,132.121234518,259.76508476354746,0.08437035766410715,4
813,gamma,,10087,61.802265802,0.8374998366903851,0.039465868519844724,1
813,meteora-dlmm-v2,,17,44.974777228,364.476966696049,0.028720122502889113,1
813,meteora-dlmm,dflow-v4,81,37.785053692999995,64.19927503516136,0.024128888184144104,2
813,meteora,okx-aggregator,114,29.953967236000008,36.38475936587603,0.019128090487346774,2
813,orca-whirlpool-v2,jupiter-aggregator-v6,38,7.567908301999999,27.806899972114365,0.004832736634185148,2
813,stabble,okx-aggregator,9,2.318868945,35.657215991286414,0.0014807899954884741,1
813,stabble,jupiter-aggregator-v6,409,1.640560715,0.5553654068675677,0.001047633976470118,2
813,stabble,,15,1.2471873249999998,11.482333364908351,0.0007964324665014786,3
813,orca-whirlpool,jupiter-aggregator-v4,25,0.11607158000000001,0.6389774197712328,7.412132315418113e-05,3
813,stabble,dflow-v4,17,0.07318389099999999,0.6031084485947893,4.6733979450364734e-05,2
813,meteora-ammv2,jupiter-aggregator-v6,4,0.008342882999999999,0.30842617257938587,5.327622204165084e-06,1
813,meteora-ammv2,,2,0.008322883,0.6185570489713932,5.314850546683696e-06,1
813,pumpswap,,1,9.985e-06,0.0013708443736527454,6.376249997583374e-09,1
814,orca-whirlpool,jupiter-aggregator-v6,18242,112720.23599483498,861.1483982212203,48.7705747322471,3
814,raydium-clmm,jupiter-aggregator-v6,5447,46795.560789077,1196.3788025770837,20.246998016449044,1
814,meteora-dlmm,jupiter-aggregator-v6,1670,30129.83554882,2519.193841272953,13.03625195010569,3
814,orca-whirlpool-v2,okx-aggregator,391,9174.459063663997,3275.5285939467585,3.9695058961096334,1
814,orca-whirlpool,,5466,6403.952187903001,163.27557463717363,2.770792892734645,7
814,meteora,jupiter-aggregator-v6,4542,6240.874417749,191.92666581965585,2.7002341638048337,2
814,orca-whirlpool,dflow-v4,568,5271.001102625,1288.9989452923355,2.2805998490023462,2
814,raydium-clmm,,2374,3314.9215931679996,194.27858137240423,1.434264485558277,1
814,raydium-clmm,okx-aggregator,281,2276.387954447,1130.1294160570408,0.9849229632293501,1
814,meteora-dlmm,dflow-v4,122,1883.962660784,2130.0603986801193,0.8151326239659341,2
814,meteora,,467,1549.98545697,464.06118616152713,0.670630973186708,2
814,meteora-dlmm,,798,1539.467262224,269.4787454871892,0.6660800742431355,6
814,raydium-clmm,dflow-v4,357,1074.3602007870004,416.5273536137925,0.464842572404083,1
814,orca-whirlpool-v2,,846,1047.6423028800002,172.55530471787498,0.45328256079603774,4
814,raydium-clmm,raydium-router,127,983.148352339,1088.9014717726295,0.42537801458144475,1
814,meteora-dlmm-v2,okx-aggregator,42,472.12111622099997,1561.8146427595718,0.2042722673361265,1
814,meteora-dlmm-v2,,9,174.361694656,2692.6792103046955,0.07544093555704898,1
814,meteora,okx-aggregator,153,46.560915065,42.51347861227612,0.02014547403789542,2
814,orca-whirlpool-v2,jupiter-aggregator-v6,152,19.390502973999997,17.806360148972193,0.008389673478262229,3
814,meteora-dlmm-v2,jupiter-aggregator-v6,7,4.021286697,80.76699106087203,0.0017398869124512493,1
814,stabble,jupiter-aggregator-v6,479,0.9371216630000001,0.2738434916871752,0.0004054636835629356,2
814,stabble,dflow-v4,49,0.11007299499999999,0.31471245336204434,4.762519507939769e-05,2
814,stabble,,12,0.099777165,1.163152402066747,4.317050651337553e-05,3
814,orca-whirlpool,jupiter-aggregator-v4,18,0.044593508000000004,0.34745234732057595,1.929423759001635e-05,3
814,orca-whirlpool-v2,photon,1,0.0099,1.3306141350124563,4.283425115179588e-06,1
814,pumpswap,,1,0.000356767,0.04943779339405922,1.543620937441693e-07,1
814,meteora-ammv2,jupiter-aggregator-v6,1,6.587e-06,0.0009238433348701381,2.849992043806863e-09,1
815,orca-whirlpool,jupiter-aggregator-v6,22562,65439.48716922901,419.38132027275924,41.497618020941374,3
815,meteora-dlmm,jupiter-aggregator-v6,4584,37685.679143801004,1201.6334915978405,23.897893850008238,4
815,raydium-clmm,jupiter-aggregator-v6,5706,23401.076345292004,592.9181463503783,14.839494767808025,1
815,orca-whirlpool-v2,okx-aggregator,590,5025.488682593002,1239.1413095337966,3.1868496948868326,1
815,orca-whirlpool,,5819,4926.247844325,122.54995936092489,3.1239173802145985,5
815,orca-whirlpool,dflow-v4,624,4446.343351127,1045.7000769618676,2.819592053004081,1
815,meteora-dlmm-v2,okx-aggregator,196,3171.50710462,2375.415936765571,2.0111708705460063,1
815,meteora,jupiter-aggregator-v6,4170,2929.9652110280003,100.99572518104989,1.8580001525296084,2
815,orca-whirlpool-v2,,731,2699.6473858530003,531.3882121280737,1.7119470346650127,6
815,raydium-clmm,okx-aggregator,437,1963.8707040830004,652.1689063976078,1.2453636152404723,1
815,raydium-clmm,dflow-v4,424,1444.7656926199995,496.0729853113595,0.916179778228722,1
815,raydium-clmm,,1887,1253.2224094329997,96.11701821014383,0.7947150427301727,1
815,meteora-dlmm,dflow-v4,352,1030.889686083,422.2720607992393,0.653725575571385,2
815,meteora,,373,1003.5275074759999,379.01432565611987,0.6363741982123646,3
815,meteora-dlmm,,1041,789.6201037239999,111.61917202508627,0.5007275402580255,5
815,raydium-clmm,raydium-router,81,365.124236259,667.8170456424648,0.23153888793903346,1
815,meteora,okx-aggregator,206,47.05527071299999,33.28393034040327,0.029839501108411104,2
815,meteora-dlmm-v2,,29,35.67177746200001,182.2562056273383,0.02262080372693028,2
815,orca-whirlpool-v2,jupiter-aggregator-v6,127,16.082977128,18.581138468584868,0.010198815277560861,2
815,meteora-dlmm-v2,jupiter-aggregator-v6,21,14.350342477,100.52507168842294,0.00910008706272769,2
815,stabble,jupiter-aggregator-v6,549,2.533741647,0.6580417565425044,0.0016067400216485475,2
815,stabble,,21,1.0239588,6.929049237525189,0.0006493304423626664,2
815,stabble,okx-aggregator,5,0.821029623,23.229916339734206,0.0005206454871967927,2
815,phoenix,,7,0.390839081,8.96428052916,0.0002478456294905107,1
815,orca-whirlpool,jupiter-aggregator-v4,28,0.124897767,0.6456779549759428,7.920232952362852e-05,2
815,gamma,,1,0.026371073,3.7268185026769274,1.6722880350916623e-05,1
815,stabble,dflow-v4,15,0.018656237000000003,0.1808189066768815,1.1830615278693582e-05,1
815,meteora-ammv2,jupiter-aggregator-v6,1,1e-05,0.0014216342430491949,6.341372742366846e-09,1
815,pumpswap,,1,9.924e-06,0.0014494453827311976,6.293178309524858e-09,1
816,orca-whirlpool,jupiter-aggregator-v6,21960,78520.369727465,536.8006331439493,45.10066946364943,3
816,raydium-clmm,jupiter-aggregator-v6,7494,26614.353002705,532.5079101250082,15.286799360854664,1
816,meteora-dlmm,jupiter-aggregator-v6,3097,19444.719211467003,937.1401641894233,11.168692366244667,3
816,orca-whirlpool-v2,okx-aggregator,553,12910.671907664997,3483.4130732463186,7.4156546674735315,1
816,meteora-dlmm-v2,okx-aggregator,111,8719.750311591,11690.680361041572,5.008465675513271,1
816,orca-whirlpool,dflow-v4,649,4133.832832882999,962.9421583842231,2.374398246734501,1
816,orca-whirlpool,,5490,3942.216607087001,108.41571853001045,2.2643373785356786,10
816,meteora-dlmm,dflow-v4,226,3633.4717591380004,2459.445897041269,2.086999964253458,2
816,meteora,jupiter-aggregator-v6,4680,3350.240848327,107.83156063000303,1.9243172905127206,2
816,raydium-clmm,okx-aggregator,478,3222.14846418,1003.5074622896275,1.8507433593369487,1
816,meteora-dlmm-v2,,16,2929.8492326269998,27611.51180984664,1.6828520074176079,2
816,raydium-clmm,dflow-v4,497,2260.5573533980005,684.5776840960048,1.298422948759552,1
816,raydium-clmm,,2280,2099.117136631,138.88018339897417,1.205694630237618,1
816,raydium-clmm,raydium-router,125,749.314539469,891.8799031525808,0.4303926164152705,1
816,orca-whirlpool-v2,,834,638.943178946,115.20601182887589,0.36699731827189,6
816,meteora,,383,428.034848829,169.98747629017015,0.24585541691874457,2
816,meteora-dlmm,,628,304.591103794,73.36673803996595,0.17495157933491343,7
816,orca-whirlpool-v2,jupiter-aggregator-v6,128,113.823991017,133.25766493568008,0.06537842618048065,3
816,meteora,okx-aggregator,226,76.417405967,51.127240594465114,0.0438927654027801,2
816,meteora-dlmm-v2,jupiter-aggregator-v6,45,3.6724466539999994,12.38337192130722,0.00210938643360724,3
816,stabble,jupiter-aggregator-v6,291,1.6932919020000001,0.8721864880296092,0.0009725960109796058,2
816,stabble,okx-aggregator,7,1.197093221,25.438610800985106,0.0006875885310383583,1
816,stabble,,20,1.0427328329999999,7.783627903311941,0.0005989267371416646,3
816,stabble,dflow-v4,21,0.10143830899999999,0.7224925438352633,5.826431613910632e-05,2
816,orca-whirlpool,jupiter-aggregator-v4,20,0.075927919,0.5770926718018016,4.361161300905024e-05,3
816,orca-whirlpool-v2,photon,1,0.024625277,3.704516513432712,1.414431035262096e-05,1
817,orca-whirlpool,jupiter-aggregator-v6,23448,94269.06231309699,609.1693046045549,49.125005039446876,3
817,raydium-clmm,jupiter-aggregator-v6,6577,32055.869103394,738.8615343852898,16.704788321940246,1
817,meteora-dlmm,jupiter-aggregator-v6,2771,21440.638753211002,1164.988339804629,11.173034513722085,3
817,orca-whirlpool-v2,okx-aggregator,794,10035.700116073001,1904.0259554529077,5.2297520170408,1
817,orca-whirlpool,dflow-v4,813,6389.324987549,1188.0243481108514,3.329571913736975,1
817,orca-whirlpool,,5346,5402.430195274999,153.48481739697243,2.815286415883576,5
817,meteora,jupiter-aggregator-v6,6003,4577.380940959,115.06020877162926,2.3853410257252365,2
817,meteora-dlmm-v2,okx-aggregator,128,3673.13307807,4305.658088904538,1.9141240672516853,1
817,raydium-clmm,okx-aggregator,605,3326.9569904529994,824.3974310019115,1.733726579131572,1
817,raydium-clmm,dflow-v4,498,2445.0126309549996,739.78150953885,1.274132306718493,1
817,raydium-clmm,,1943,2210.561541569,172.37398348765313,1.151956370467657,1
817,orca-whirlpool-v2,,592,2199.0719530189995,559.2378240563183,1.1459689756472298,5
817,meteora-dlmm,,642,1905.4635756010002,451.73666348460273,0.9929653001425552,5
817,meteora,,491,966.1089275889999,295.7124247113909,0.5034536758075986,2
817,meteora-dlmm,dflow-v4,233,588.0111820280001,380.0813125514047,0.3064213387891461,2
817,raydium-clmm,raydium-router,89,223.072495817,377.5867788414361,0.11624638255948411,2
817,meteora,okx-aggregator,415,104.573219226,38.20140297599893,0.05449465387070809,2
817,orca-whirlpool-v2,jupiter-aggregator-v6,92,39.795041861,66.34728170023743,0.020737785907678663,3
817,meteora-dlmm-v2,,20,33.162214832000004,252.8806468738096,0.01728132147247302,2
817,meteora-dlmm-v2,jupiter-aggregator-v6,55,7.067299071999999,19.62986363393065,0.003682874253847793,3
817,stabble,okx-aggregator,7,1.5147795149999999,32.50072442335711,0.000789374047880897,1
817,stabble,jupiter-aggregator-v6,343,1.43351854,0.6295100379278855,0.0007470277498650447,2
817,stabble,,11,0.5732164140000001,7.830988744791332,0.00029871156597397754,2
817,orca-whirlpool,jupiter-aggregator-v4,17,0.129948268,1.161660910356029,6.771796773755001e-05,2
817,raydium-clmm,jupiter-aggregator-v4,1,0.122914654,18.676515656818616,6.405264727379147e-05,1
817,stabble,dflow-v4,31,0.117258669,0.5690523665996678,6.110522969255777e-05,2
817,pumpswap,jupiter-aggregator-v6,1,0.001999988,0.30149901795013423,1.0422233781483502e-06,1
817,meteora-ammv2,jupiter-aggregator-v6,2,0.00012,0.008985396555478357,6.253377789156836e-08,1
817,pumpswap,,2,5.0888e-05,0.003804875925550539,2.6518490744551093e-08,1
818,orca-whirlpool,jupiter-aggregator-v6,21729,93171.17690397399,657.5267297400679,46.04748336858236,3
818,raydium-clmm,jupiter-aggregator-v6,6771,30302.782913155002,687.3506359038021,14.976379375924262,1
818,meteora-dlmm,jupiter-aggregator-v6,2738,27915.151452611994,1547.7022547960778,13.796353281771006,4
818,orca-whirlpool-v2,okx-aggregator,509,12464.666957166,3786.036292307845,6.16034447001322,1
818,orca-whirlpool,,5565,7691.884251109999,214.80220669095957,3.8015180648742146,4
818,orca-whirlpool,dflow-v4,763,7061.783202469,1389.014720813363,3.490106655015924,1
818,meteora,jupiter-aggregator-v6,5238,3769.072420029,110.0267995748526,1.8627681364929205,2
818,raydium-clmm,okx-aggregator,442,3761.719073512001,1313.3123060043652,1.8591339320887634,1
818,orca-whirlpool-v2,,770,3688.4250898960004,731.6069496964438,1.8229102457114479,7
818,raydium-clmm,,2481,3194.6357484939995,197.857998980032,1.5788674285940218,1
818,meteora-dlmm-v2,okx-aggregator,98,3138.440811345,4834.900599881214,1.5510945108339078,1
818,raydium-clmm,dflow-v4,530,2224.693039115,632.8779153468175,1.0994979254628212,1
818,meteora-dlmm,dflow-v4,256,1975.6215732679998,1153.876457764961,0.9764006912935167,2
818,meteora,,484,899.949402484,281.68867270971725,0.4447770922348421,3
818,meteora-dlmm,,573,574.6907384010001,150.6560433745122,0.28402627398248154,4
818,raydium-clmm,raydium-router,109,248.60608423200003,349.62645500435445,0.12286723114810344,4
818,meteora,okx-aggregator,254,81.706388528,49.765603133420576,0.04038130344460138,2
818,meteora-dlmm-v2,,40,78.059288464,286.8437134365754,0.03857881704139021,3
818,orca-whirlpool-v2,jupiter-aggregator-v6,100,72.125580796,114.02150176443352,0.035646233014488146,3
818,meteora-dlmm-v2,jupiter-aggregator-v6,91,17.00102299,28.405590168340026,0.008402323007980815,4
818,stabble,jupiter-aggregator-v6,612,2.332444331,0.581485661317698,0.001152751259657918,2
818,stabble,okx-aggregator,8,1.404523323,26.401155051271044,0.0006941499131569947,1
818,stabble,,21,1.202411823,8.648715940550398,0.0005942614471731302,3
818,stabble,dflow-v4,15,0.022217020999999997,0.2248252084689014,1.0980197299121053e-05,2
818,orca-whirlpool,jupiter-aggregator-v4,31,0.019290387,0.09355977834438174,9.533782915198213e-06,2
818,pumpswap,,5,0.0019482390000000003,0.05950497974353741,9.628675512276065e-07,1
819,orca-whirlpool,jupiter-aggregator-v6,28217,174388.617025602,1010.7097382874632,53.40422822897259,3
819,raydium-clmm,jupiter-aggregator-v6,8954,58122.489956701,1060.5760391003842,17.79925072992655,1
819,meteora-dlmm,jupiter-aggregator-v6,4463,40214.651386898004,1462.4257808128823,12.315209888379218,2
819,orca-whirlpool,,6743,9814.945436902002,238.52942351616372,3.005698394237944,6
819,orca-whirlpool-v2,okx-aggregator,490,8726.865658499004,2903.0116302070064,2.6724882237103986,1
819,meteora,jupiter-aggregator-v6,6144,6453.139699244999,170.417648055311,1.9761894507215976,2
819,meteora-dlmm-v2,okx-aggregator,100,4945.473898618,7969.484464517398,1.5144865604585227,1
819,orca-whirlpool,dflow-v4,727,4523.071890973,1017.6507137807745,1.3851314820973126,2
819,orca-whirlpool-v2,,694,3980.9223704369992,931.790301366964,1.2191052974600318,7
819,raydium-clmm,,2828,3587.484478938,206.65190662393445,1.0986201000319586,1
819,raydium-clmm,okx-aggregator,358,3284.7714309879993,1494.6229926067706,1.0059181967980084,1
819,meteora,,392,1860.9194329810002,771.2906894798476,0.5698821850284957,2
819,raydium-clmm,dflow-v4,527,1705.6779637949999,532.325001288904,0.5223415198611526,1
819,meteora-dlmm-v2,,79,1394.1326667629999,2910.652482091384,0.42693485611131976,2
819,meteora-dlmm,,632,1187.9422674860002,308.6975634142909,0.3637917488981048,5
819,meteora-dlmm,dflow-v4,292,1133.5760774190003,632.9182207421564,0.34714281577507006,2
819,orca-whirlpool-v2,jupiter-aggregator-v6,83,614.9363681890001,1175.5991175628744,0.18831620270398503,2
819,raydium-clmm,raydium-router,157,549.4884929649999,572.8272427227394,0.16827364875076056,1
819,meteora,okx-aggregator,204,36.206302308000005,29.025109043454602,0.011087705520938572,2
819,meteora-dlmm-v2,jupiter-aggregator-v6,44,12.763030433000003,47.34667555809389,0.003908510783345391,3
819,stabble,okx-aggregator,17,2.36278174,22.573852265735955,0.000723570938576135,3
819,stabble,jupiter-aggregator-v6,456,2.3446482059999996,0.8370782642035445,0.0007180177814673101,3
819,stabble,,39,1.4988717140000003,6.260382275882963,0.00045900981649883596,3
819,stabble,dflow-v4,27,0.29078092299999997,1.771249776929721,8.904784636398316e-05,2
819,orca-whirlpool,jupiter-aggregator-v4,21,0.012563809999999998,0.09809065165925993,3.847502136948218e-06,2
819,invariant,jupiter-aggregator-v6,2,0.002481372,0.19659212640173201,7.598876513226063e-07,1
820,orca-whirlpool,jupiter-aggregator-v6,24224,149894.202104546,1020.6761222473787,50.943811905465054,3
820,raydium-clmm,jupiter-aggregator-v6,8971,51618.991425884,948.1976195620515,17.543495032022292,1
820,meteora-dlmm,jupiter-aggregator-v6,3307,45551.051437215,2264.874003335131,15.48121384238161,2
820,orca-whirlpool,dflow-v4,858,13407.055202090003,2593.9142766152795,4.556590507383912,2
820,raydium-clmm,dflow-v4,484,6611.360845675999,2261.8321037989613,2.246970987752833,1
820,orca-whirlpool-v2,okx-aggregator,3255,5395.739999553,273.731839999508,1.8338238555504847,1
820,meteora,jupiter-aggregator-v6,5898,4597.469844269,128.58413662446654,1.5625196685334928,2
820,meteora-dlmm,dflow-v4,276,4147.782121750999,2483.911484484984,1.4096864939976568,2
820,orca-whirlpool,,3007,3802.7781236339993,209.98994778250355,1.2924316666598565,10
820,raydium-clmm,okx-aggregator,2644,2741.682534809,170.9562069277885,0.9318022805204443,1
820,raydium-clmm,,1454,1864.3529866310002,212.39723417084002,0.6336285629652196,1
820,meteora-dlmm-v2,okx-aggregator,450,1274.9864541159998,470.4859698647444,0.43332343205108836,1
820,orca-whirlpool-v2,,447,1273.1631623189996,468.22839737785233,0.43270375875451633,4
820,meteora,,180,916.8987821129999,833.1755710519071,0.31162192023768753,3
820,meteora,okx-aggregator,816,355.486260416,71.94561850762369,0.12081738273625085,2
820,meteora-dlmm,,397,315.1164802299999,131.85247102571572,0.10709710230121336,6
820,raydium-clmm,raydium-router,105,193.17401166399998,306.5989003584091,0.0656531098405738,2
820,meteora-dlmm-v2,,117,190.20926448,269.3858143918412,0.06464549566491937,2
820,orca-whirlpool-v2,jupiter-aggregator-v6,92,55.550430577,99.33295896869448,0.018879654095016234,2
820,meteora-dlmm-v2,jupiter-aggregator-v6,51,17.838037774,57.999811397187784,0.006062526958096909,2
820,stabble,jupiter-aggregator-v6,506,4.635713615,1.5259843853064263,0.0015755173924969388,3
820,stabble,okx-aggregator,15,3.2079936149999995,35.37628810322693,0.0010902851546086346,1
820,stabble,,26,1.544752748,9.884405383833771,0.0005250075875494826,3
820,stabble,dflow-v4,41,0.057779682000000006,0.2318401127678441,1.9637298911085193e-05,2
820,orca-whirlpool,jupiter-aggregator-v4,48,0.030502376999999994,0.10527778123707411,1.0366694206583032e-05,3
821,orca-whirlpool,jupiter-aggregator-v6,48686,111939.72300230298,418.07535895453833,48.70827521337119,3
821,meteora-dlmm,jupiter-aggregator-v6,7146,25243.151099335002,647.5255251890594,10.98403960651061,4
821,raydium-clmm,jupiter-aggregator-v6,11509,19761.213662848997,312.2540728051509,8.598686934578865,1
821,orca-whirlpool,dflow-v4,1141,15569.983898756002,2479.2464867479616,6.774959241169132,1
821,orca-whirlpool-v2,okx-aggregator,700,10478.086065361002,2744.4923266849883,4.559324305014523,1
821,orca-whirlpool,,7122,6084.217119879999,154.88874734792662,2.6474223268081754,15
821,meteora-dlmm-v2,okx-aggregator,307,5961.329475306,3566.6330500154086,2.593950288002879,2
821,meteora-dlmm,dflow-v4,533,5738.681482518999,1957.2105148357377,2.4970695791936315,2
821,raydium-clmm,,3072,4859.981039029999,287.6383027920389,2.114721098389431,1
821,raydium-clmm,dflow-v4,744,4794.353684975999,1172.4948656664606,2.086164700918966,1
821,raydium-clmm,okx-aggregator,531,4073.3368697119986,1403.814785105309,1.7724290177368227,1
821,meteora,jupiter-aggregator-v6,6900,3520.110407823,90.62217971470251,1.5317038663939475,2
821,orca-whirlpool-v2,,895,3376.136764599001,668.6899538167578,1.4690566876307662,4
821,meteora-dlmm-v2,,106,3344.184923754,5532.9278378029485,1.455153499238741,4
821,meteora-dlmm,,1113,2707.9750376009997,441.50425653266433,1.1783198123484282,4
821,raydium-clmm,raydium-router,155,1138.342647809,1313.5990632979342,0.4953264622198298,3
821,meteora,,349,963.812661554,480.01837251121776,0.4193833173246121,2
821,orca-whirlpool-v2,jupiter-aggregator-v6,151,176.64063252600002,204.37647937622515,0.07686154934261687,3
821,meteora,okx-aggregator,210,62.72370207300001,54.00743106103335,0.027292932848425315,2
821,meteora-dlmm-v2,jupiter-aggregator-v6,90,10.424402573,20.781380715678747,0.004535965034058664,3
821,stabble,jupiter-aggregator-v6,910,4.487116457000001,0.8813799323869831,0.001952476720864376,4
821,stabble,okx-aggregator,16,2.877397193,32.31522934682839,0.0012520403893794012,1
821,stabble,,31,2.526017785000001,14.588695627988965,0.001099144844794006,2
821,orca-whirlpool,jupiter-aggregator-v4,50,1.2624436270000001,4.448250690342996,0.0005493264587050786,3
821,meteora-ammv2,,3,0.693537671,8.904649846499247,0.00030177869699761083,1
821,raydium-clmm,jupiter-aggregator-v4,1,0.199960001,35.33939464736962,8.700849438562215e-05,1
821,stabble,dflow-v4,34,0.18803671100000002,0.9827729462518242,8.182031922141448e-05,2
822,orca-whirlpool,jupiter-aggregator-v6,34362,132854.56895640402,699.586230366368,49.24660661713262,3
822,raydium-clmm,jupiter-aggregator-v6,10205,44474.48301750101,793.3440849909297,16.485826470762426,1
822,meteora-dlmm,jupiter-aggregator-v6,3777,40498.982144942005,1956.7981817538316,15.012185563152952,2
822,orca-whirlpool,dflow-v4,654,10011.012691587,2760.510321762176,3.7108878357317674,1
822,meteora-dlmm,dflow-v4,249,7102.376824926999,5273.778086299066,2.6327130507539787,2
822,orca-whirlpool-v2,okx-aggregator,297,5616.246830376,3427.9898779043615,2.081833545453784,1
822,meteora,jupiter-aggregator-v6,6538,5029.146499108001,139.70848301639714,1.864206863241364,2
822,raydium-clmm,,2890,4622.5742634279995,286.3527712876289,1.71349843740957,1
822,raydium-clmm,dflow-v4,457,4560.933726100001,1796.6844011801227,1.6906494882367586,1
822,orca-whirlpool,,5324,4250.3570675460005,140.0509059227346,1.5755247571235116,8
822,orca-whirlpool-v2,,705,3673.5682615299997,964.1892454479106,1.3617203569123557,6
822,meteora-dlmm-v2,okx-aggregator,86,2044.3683631570002,4320.257237323155,0.7578076189004946,2
822,raydium-clmm,okx-aggregator,313,1858.304070091,1076.0205242080801,0.6888372017135402,1
822,raydium-clmm,raydium-router,147,1134.7709087120004,1357.1648964727112,0.4206375210192741,2
822,meteora-dlmm,,669,1029.6861559799997,279.63013177166425,0.381684645556258,5
822,meteora-dlmm-v2,,336,555.6487472320001,292.5368009079311,0.20596819128754432,3
822,meteora,,253,271.68135561799994,196.13903203268754,0.10070699826454126,3
822,meteora-dlmm-v2,jupiter-aggregator-v6,106,107.565549281,185.82208226956323,0.03987245852820823,5
822,orca-whirlpool-v2,jupiter-aggregator-v6,99,36.279849164999995,66.23165468185996,0.013448234968448478,3
822,meteora,okx-aggregator,115,30.70463888299999,48.35731802120533,0.01138161287391183,2
822,stabble,okx-aggregator,21,3.8241609300000006,32.076510519637544,0.0014175421322703413,1
822,stabble,jupiter-aggregator-v6,667,2.8386337339999996,0.7521022102346306,0.0010522263549271919,3
822,stabble,,41,2.002806538,8.507275344036344,0.0007424014580896574,3
822,raydium-clmm,jupiter-aggregator-v4,6,0.969456388,28.020385538226012,0.0003593586411617419,1
822,orca-whirlpool,jupiter-aggregator-v4,7,0.488970554,12.079694685622304,0.00018125188098048217,1
822,meteora,jupiter-aggregator-v4,3,0.486377607,28.074721553887485,0.00018029072592280418,1
822,stabble,dflow-v4,34,0.18738447600000005,0.9586820051374403,6.945978334217243e-05,2
823,orca-whirlpool,jupiter-aggregator-v6,23748,93485.171112248,666.8522691179227,54.857720381184386,3
823,raydium-clmm,jupiter-aggregator-v6,7259,28793.221891299003,674.2137157985366,16.896054171947007,1
823,meteora-dlmm,jupiter-aggregator-v6,2055,22196.14406746599,1848.6871612328246,13.024845013456957,3
823,orca-whirlpool,dflow-v4,451,8558.804430614,3176.444075666994,5.022363383045152,2
823,meteora,jupiter-aggregator-v6,4579,3886.2147571659984,143.43688712078725,2.280456675143355,2
823,raydium-clmm,dflow-v4,331,2752.8761746590003,1408.7168974182557,1.6154060546366422,1
823,orca-whirlpool,,2879,2291.8480045559995,132.90135912540086,1.344871657122489,7
823,orca-whirlpool-v2,okx-aggregator,305,1860.1970479499998,1009.9745606362375,1.091576003939903,1
823,raydium-clmm,raydium-router,94,1826.158070228,3263.890237214143,1.0716017053456075,2
823,raydium-clmm,,1745,1552.5283623779999,149.20277882691522,0.9110339722749041,1
823,meteora-dlmm-v2,okx-aggregator,27,1140.554699548,7253.074742697815,0.6692850859964093,1
823,orca-whirlpool-v2,,457,1136.4439505240002,413.9889328357874,0.6668728711196238,2
823,raydium-clmm,okx-aggregator,288,472.35864505999984,273.921093032553,0.27718319560246973,1
823,meteora-dlmm,,234,136.749212573,98.3830824056824,0.08024534775327519,4
823,meteora,,179,131.68956228899998,123.55191516280482,0.07727631130392233,2
823,meteora-dlmm-v2,,137,65.443553998,79.97674647786202,0.0384027128929635,1
823,meteora,okx-aggregator,136,47.926017071000004,60.15317170183249,0.028123305677089715,2
823,meteora-dlmm,dflow-v4,114,34.86849415300001,51.76339490915173,0.0204610643549181,2
823,orca-whirlpool-v2,jupiter-aggregator-v6,94,22.570722126000007,40.193791956836876,0.013244649910335344,2
823,meteora-dlmm-v2,jupiter-aggregator-v6,47,18.000796353000005,63.9300686209671,0.010562987062256576,3
823,stabble,okx-aggregator,12,1.7258569069999998,24.144600248488718,0.0010127443154429616,1
823,stabble,jupiter-aggregator-v6,339,1.5158984640000002,0.7485816310168828,0.0008895393042018386,2
823,stabble,,13,0.755103897,9.675449076015953,0.00044309999059242847,2
823,orca-whirlpool,jupiter-aggregator-v4,12,0.079444929,1.112396486938135,4.6618812897632474e-05,2
823,stabble,dflow-v4,25,0.036550041,0.2475987536036483,2.1447807232350798e-05,1
824,orca-whirlpool,jupiter-aggregator-v6,23066,92501.39463118503,700.8738627922381,52.95946455400921,3
824,meteora-dlmm,jupiter-aggregator-v6,3306,39276.219738771026,2070.9167469251943,22.48666169158139,3
824,raydium-clmm,jupiter-aggregator-v6,5300,27140.320111406003,896.6690842054442,15.538542166367506,1
824,meteora,jupiter-aggregator-v6,4573,3922.2090361709998,149.85978267213247,2.2455671209359753,3
824,orca-whirlpool,dflow-v4,545,2620.836761736,846.3732212716933,1.50049750210154,1
824,orca-whirlpool,,3032,2091.691072999,119.98386506946785,1.1975477740643972,6
824,orca-whirlpool-v2,okx-aggregator,190,1302.7746590469997,1207.4988409735302,0.7458725206549583,1
824,meteora-dlmm-v2,okx-aggregator,15,1260.3985720850003,14593.657895347407,0.7216111040098407,1
824,meteora-dlmm,dflow-v4,200,1248.655876628,1092.9294770916872,0.7148881041426163,2
824,raydium-clmm,,1689,1079.6668535149997,111.13857189917768,0.6181374744331654,1
824,meteora-dlmm,,561,775.0632150089999,242.4333165843162,0.4437439351703285,6
824,orca-whirlpool-v2,,480,585.1600683129999,213.6654758876693,0.3350194234346855,7
824,raydium-clmm,dflow-v4,308,318.78918244500005,181.82206174508184,0.18251513369297692,1
824,meteora,,223,183.847233292,142.13800378497638,0.10525734313196917,3
824,raydium-clmm,okx-aggregator,147,142.253059581,168.38503612528314,0.08144359224654876,1
824,raydium-clmm,raydium-router,57,95.906300932,293.9372442843144,0.05490886234705546,1
824,meteora-dlmm-v2,,81,48.06516997800001,103.56388341596106,0.027518565270086764,3
824,orca-whirlpool-v2,jupiter-aggregator-v6,79,33.690962661,74.05935516848291,0.01928895612817226,2
824,meteora,okx-aggregator,70,21.691505328999998,53.50697149063505,0.012418953380914668,2
824,stabble,okx-aggregator,33,5.766327331999999,30.39821607246582,0.0033013730134930854,1
824,meteora-dlmm-v2,jupiter-aggregator-v6,40,4.475502138,19.419463491344644,0.0025623418736964287,2
824,stabble,jupiter-aggregator-v6,491,3.5612722459999993,1.2667982392343764,0.0020389213809283466,3
824,stabble,,33,1.9380567710000003,10.192580556358136,0.0011095881232565709,3
824,stabble,dflow-v4,14,0.11640375900000001,1.4373078782486481,6.66441924826464e-05,2
824,pumpswap,,7,0.018068831,0.45251136535053627,1.0344877703652236e-05,1
824,orca-whirlpool,jupiter-aggregator-v4,12,0.005806250000000001,0.08380732935800354,3.3242297836993888e-06,3
824,meteora-ammv2,,4,0.003890106,0.16432686642937325,2.2271872941998175e-06,1
824,pumpswap,jupiter-aggregator-v6,1,0.000799995,0.13862083135896824,4.5801803329353575e-07,1
825,orca-whirlpool,jupiter-aggregator-v6,25993,101963.10509759099,650.9578035266916,60.91757454497312,3
825,orca-whirlpool,dflow-v4,382,20906.606499042,9056.503814920885,12.490594109200982,1
825,meteora-dlmm,jupiter-aggregator-v6,2910,12530.855742009999,712.8567796874632,7.486525033202756,4
825,meteora-dlmm,dflow-v4,76,9251.806341230995,20002.721658032653,5.527466056748303,2
825,raydium-clmm,jupiter-aggregator-v6,3734,6579.142105856,291.78844286417615,3.930690216739225,1
825,meteora,jupiter-aggregator-v6,5566,3907.276490656,116.54688206153264,2.3343915101402835,2
825,orca-whirlpool,,3844,3543.153855716,153.31527976087048,2.1168474510785362,5
825,meteora-dlmm-v2,,56,2371.1555328590016,7143.05505777999,1.4166403013365703,2
825,raydium-clmm,,1487,1185.532244248,132.72544157124418,0.7082929535671144,1
825,raydium-clmm,dflow-v4,173,1143.813071226,1084.057292310105,0.6833679492717875,1
825,orca-whirlpool-v2,,650,1042.5702325660002,268.7924060105138,0.6228806959137007,3
825,meteora,,261,1024.514463302,661.4794291197901,0.6120933266093448,2
825,orca-whirlpool-v2,okx-aggregator,297,797.973913219,451.1014961171612,0.47674730283013744,1
825,meteora-dlmm,,514,474.81372161900003,154.2699588972068,0.2836761420125183,5
825,meteora-dlmm-v2,okx-aggregator,17,309.2453584079999,3023.1845678549817,0.18475778229267897,1
825,orca-whirlpool-v2,jupiter-aggregator-v6,77,178.50305152000004,381.66529833810483,0.10664615340094906,1
825,raydium-clmm,okx-aggregator,125,63.30008793499999,84.865356991607,0.037818462097569255,1
825,raydium-clmm,raydium-router,55,63.181240609999996,193.6451746241604,0.037747457092639006,2
825,meteora,okx-aggregator,118,37.460757027999996,52.82277311586013,0.022380825462113462,2
825,stabble,okx-aggregator,12,1.7018656440000002,23.738635529792813,0.001016774912206436,1
825,stabble,jupiter-aggregator-v6,217,1.311973898,1.0043843891026052,0.0007838351691622053,3
825,meteora-dlmm-v2,jupiter-aggregator-v6,52,0.972081081,3.107883856654098,0.0005807671476746212,3
825,stabble,,17,0.637700132,6.223332382471618,0.0003809921764472335,2
825,pumpswap,,16,0.09419454499999999,0.968110955768945,5.6276269845600205e-05,1
825,orca-whirlpool,jupiter-aggregator-v4,8,0.044177423,0.9022847053673138,2.6393678931526504e-05,1
825,stabble,dflow-v4,12,0.018410655999999997,0.2606006281253825,1.0999395401193545e-05,2
825,pumpswap,jupiter-aggregator-v6,3,0.009519300999999999,0.524076971951644,5.68727999925571e-06,1
826,orca-whirlpool,jupiter-aggregator-v6,33673,176975.87017582604,872.7132066327844,60.69840453786045,3
826,meteora-dlmm,jupiter-aggregator-v6,4679,38126.15901537799,1359.114321116693,13.076342108622194,3
826,orca-whirlpool,dflow-v4,417,32731.605360083,12935.78988984848,11.226141853949192,1
826,raydium-clmm,jupiter-aggregator-v6,5317,12048.071696992001,376.1574940696614,4.132194570020308,1
826,meteora,jupiter-aggregator-v6,7392,8029.344541111999,180.08448495304046,2.753869228873268,2
826,meteora-dlmm,dflow-v4,118,7370.060980321999,10284.938540510257,2.5277510567279062,2
826,orca-whirlpool,,4906,5618.729207843001,190.5040891138272,1.9270869983999208,6
826,orca-whirlpool-v2,okx-aggregator,652,3006.772808704,781.2654907258219,1.0312496958756792,1
826,raydium-clmm,dflow-v4,200,1924.1144656209995,1595.295942364305,0.6599243054738522,1
826,orca-whirlpool-v2,,552,1446.1675481170003,429.8462790611157,0.4960001766225063,5
826,raydium-clmm,,1916,1330.1517034130002,115.46973413699412,0.4562095731484351,1
826,meteora-dlmm-v2,okx-aggregator,384,864.6374267159998,381.7860348153835,0.2965495366867884,1
826,meteora-dlmm,,723,804.0218574379999,186.54928719599903,0.2757598756913466,5
826,meteora,,235,538.5606732519999,378.4824231382002,0.18471316785025543,2
826,raydium-clmm,okx-aggregator,456,316.91910400300003,117.2151702420249,0.1086955185553763,1
826,raydium-clmm,raydium-router,90,173.326327033,320.39058744395004,0.0594467003035965,2
826,orca-whirlpool-v2,jupiter-aggregator-v6,96,101.072538267,174.52008828151796,0.034665414043754464,2
826,meteora-dlmm-v2,,60,88.451143381,243.28556398468123,0.03033658361132664,5
826,meteora,okx-aggregator,220,66.16439605700002,50.27031312257904,0.022692773166652754,2
826,meteora-dlmm-v2,jupiter-aggregator-v6,56,1.6290130939999998,4.8667843747616795,0.0005587117366839197,5
826,stabble,okx-aggregator,11,1.5383000820000001,23.437468996719417,0.0005275993873350881,3
826,stabble,jupiter-aggregator-v6,229,1.536793287,1.1160164655385534,0.0005270825934220267,4
826,stabble,,22,0.741427471,5.657997190406539,0.00025429152870122757,3
826,raydium-clmm,jupiter-aggregator-v4,1,0.122219852,20.341049968,4.191842657353843e-05,1
826,orca-whirlpool,jupiter-aggregator-v4,7,0.069283204,1.6380593512343273,2.376244817947811e-05,2
826,meteora,jupiter-aggregator-v4,1,0.060020691,10.026599667,2.0585632263542086e-05,1
826,stabble,dflow-v4,15,0.022371148000000004,0.2475569723140819,7.672757816821453e-06,2
826,pumpswap,,2,0.008869453,0.724951086551868,3.0420059282018282e-06,1
826,meteora-ammv2,jupiter-aggregator-v6,2,0.004834164,0.41279008227518266,1.6580002786981188e-06,1
827,orca-whirlpool,jupiter-aggregator-v6,23435,218493.10543626602,1512.4011019880097,63.71826984517296,3
827,meteora-dlmm,jupiter-aggregator-v6,2682,82721.81564300602,5011.924628926239,24.12383201153784,3
827,meteora,jupiter-aggregator-v6,6772,13630.438902452006,326.4295910148419,3.9749903428779905,2
827,raydium-clmm,jupiter-aggregator-v6,4485,11662.358914952998,419.6508957114672,3.401047053134571,1
827,orca-whirlpool,dflow-v4,311,5573.690277803999,2883.1882381095593,1.6254329876698448,2
827,orca-whirlpool,,1490,2366.540519168,258.39447923449734,0.6901447398021812,4
827,meteora-dlmm,dflow-v4,126,2329.149383853,2969.298683789873,0.6792405126639316,2
827,raydium-clmm,,961,1297.09349064,220.36300296409132,0.3782661832097272,1
827,meteora-dlmm,,207,941.4105303819998,745.8819388036694,0.2745397850893065,7
827,meteora-dlmm-v2,,51,887.7487777270001,2859.9396530281915,0.25889062293744364,5
827,raydium-clmm,dflow-v4,168,822.4797781809999,790.9190942398127,0.239856485831412,1
827,orca-whirlpool-v2,,335,664.2214603400001,319.63955605982164,0.19370424600992509,4
827,meteora,,113,653.020428272,940.364917668376,0.19043773385876042,2
827,raydium-clmm,raydium-router,58,397.4114547289999,1100.4772852180238,0.11589551194955959,3
827,orca-whirlpool-v2,okx-aggregator,252,359.83526770900005,233.91200690661998,0.10493731892322886,1
827,raydium-clmm,okx-aggregator,95,35.640196671999995,60.76351092809884,0.010393607909719407,1
827,meteora-dlmm-v2,okx-aggregator,20,25.757779634000002,207.41029738665003,0.007511638182150599,1
827,orca-whirlpool-v2,jupiter-aggregator-v6,31,20.993527505000003,107.2903683701329,0.006122258402134554,2
827,meteora,okx-aggregator,108,20.562828562000004,30.759672850837976,0.005996655393209818,2
827,meteora-dlmm-v2,jupiter-aggregator-v6,23,1.5426142039999997,10.924546203726088,0.000449866406178846,4
827,stabble,jupiter-aggregator-v6,26,0.10963543599999999,0.6856847061165385,3.1972543397617306e-05,3
827,stabble,,3,0.025512196,1.3900725133666667,7.440019609887069e-06,1
827,pumpswap,,1,0.002042463,0.3297556513,5.956353099697404e-07,1
827,orca-whirlpool,jupiter-aggregator-v4,5,0.001393256,0.045244052792,4.063096709351409e-07,2
827,stabble,dflow-v4,5,0.0006121880000000001,0.01994388417,1.7852993622883525e-07,1
828,orca-whirlpool,jupiter-aggregator-v6,28199,118061.74395366298,691.8396375274723,65.41661600273065,3
828,meteora-dlmm,jupiter-aggregator-v6,2882,26709.860941552004,1533.3216064794638,14.799618048888144,3
828,raydium-clmm,jupiter-aggregator-v6,6723,18415.113499949,456.90870984413937,10.20359659387777,1
828,meteora,jupiter-aggregator-v6,5967,6733.675085870999,185.69322726995708,3.731049725578026,2
828,orca-whirlpool,dflow-v4,265,2473.3198730789995,1525.4253422346317,1.3704372895985122,1
828,orca-whirlpool,,1409,1730.6216035669997,203.24761169334158,0.9589169623905075,5
828,orca-whirlpool-v2,,345,1595.9796756150001,758.5184948063899,0.8843134625289419,2
828,raydium-clmm,dflow-v4,157,1056.2242888490002,1093.0073134624054,0.5852413864351407,1
828,orca-whirlpool-v2,okx-aggregator,192,917.769711219,785.3015994625279,0.5085253424793884,1
828,meteora-dlmm-v2,,47,636.4031879190001,2231.7974898390357,0.3526234796544288,3
828,raydium-clmm,,655,606.7204032499998,153.3761524710871,0.33617659972907526,1
828,raydium-clmm,raydium-router,86,427.99666238300006,819.3670321566809,0.23714788868905573,1
828,meteora,,93,363.30036381,639.5986570361557,0.20130043481602963,2
828,raydium-clmm,okx-aggregator,162,296.70927963899993,301.39539507028377,0.1644031026528732,1
828,meteora-dlmm,dflow-v4,94,223.060254029,392.01499228479395,0.123595048612984,2
828,meteora-dlmm,,172,139.313728513,134.48613333989888,0.07719208929880318,3
828,meteora,okx-aggregator,112,33.41583037699999,49.89362314747965,0.018515316401242855,2
828,meteora-dlmm-v2,okx-aggregator,35,31.605187994999998,150.61020226073828,0.01751206087193227,1
828,orca-whirlpool-v2,jupiter-aggregator-v6,62,15.038221469999998,40.86316274382741,0.008332500658749482,2
828,meteora-dlmm-v2,jupiter-aggregator-v6,50,8.51310576,28.382362597958,0.004717011216699685,3
828,stabble,jupiter-aggregator-v6,38,0.19438494400000006,0.8609758633010528,0.000107706398470203,2
828,pumpswap,,4,0.096437964,3.91229568335,5.343513527590434e-05,1
828,phoenix,jupiter-aggregator-v6,3,0.014528473,0.7964949029333334,8.050055060342457e-06,1
828,orca-whirlpool,jupiter-aggregator-v4,1,0.000832543,0.1396091357,4.613022297734036e-07,1
829,orca-whirlpool,jupiter-aggregator-v6,20901,121923.79792634698,979.6550187128336,57.12090991192237,3
829,raydium-clmm,jupiter-aggregator-v6,6252,36248.734176841004,975.6618198952316,16.98241618578321,1
829,meteora-dlmm,jupiter-aggregator-v6,2433,21668.394669692996,1496.3001532593291,10.151573695327361,3
829,orca-whirlpool,dflow-v4,329,8176.879829314003,4137.760725642703,3.830842083618601,1
829,meteora,jupiter-aggregator-v6,5211,7269.200280472001,234.17366309236004,3.405597114054752,2
829,raydium-clmm,dflow-v4,228,4448.035558578,3301.169091593587,2.083890452461513,1
829,orca-whirlpool-v2,okx-aggregator,207,2839.8086461370017,2308.970273251392,1.3304412805536203,1
829,orca-whirlpool,,1485,2324.9881282469996,267.22766200215034,1.0892495122249424,4
829,meteora-dlmm,dflow-v4,90,2060.004722156,3906.6686406058784,0.9651056328108356,2
829,meteora-dlmm-v2,okx-aggregator,39,2037.0733733700001,8802.397501941796,0.9543623691458107,1
829,orca-whirlpool-v2,,257,1825.750624722,1172.0380087525264,0.8553583363551477,4
829,raydium-clmm,okx-aggregator,149,981.7228320849999,1109.7753303117806,0.4599340112738295,1
829,raydium-clmm,,1018,688.4138182680001,113.51555360376003,0.322519675110215,2
829,meteora,,103,559.7431259309999,891.6297366887437,0.26223786671603744,2
829,meteora-dlmm,,268,179.827804583,114.38988961720412,0.08424875208898511,4
829,raydium-clmm,raydium-router,71,123.297332935,293.70062526809556,0.057764406676496065,2
829,meteora,okx-aggregator,143,41.262354693,49.26277821598951,0.019331281384430358,2
829,meteora-dlmm-v2,,48,34.805517406,123.05097837506877,0.016306273738183406,3
829,orca-whirlpool-v2,jupiter-aggregator-v6,89,13.578387891,24.92131276630449,0.006361431358457906,1
829,meteora-dlmm-v2,jupiter-aggregator-v6,35,2.7468054900000003,13.356759509391429,0.0012868695989493833,3
829,orca-whirlpool,jupiter-aggregator-v4,7,0.258757562,6.277290158742858,0.00012122709134240887,4
829,raydium-clmm,jupiter-aggregator-v4,3,0.208337411,11.922528041333331,9.760541163754658e-05,1
829,stabble,jupiter-aggregator-v6,28,0.09195099200000002,0.5533704730475001,4.307874606659461e-05,2
829,stabble,,1,0.002020392,0.3390217776,9.465471990011724e-07,1
830,orca-whirlpool,jupiter-aggregator-v6,21046,107095.52720052196,908.6686394318243,54.48250435540599,3
830,meteora-dlmm,jupiter-aggregator-v6,5616,36846.04536572299,1169.6330918069923,18.74461874919185,3
830,raydium-clmm,jupiter-aggregator-v6,6353,34565.656899527,970.8513273566508,17.584521051470865,1
830,orca-whirlpool,dflow-v4,289,3466.979459871999,2147.521699728989,1.7637498825596023,1
830,meteora,jupiter-aggregator-v6,4427,3460.690098616,139.08117776733954,1.7605503077409352,2
830,meteora-dlmm,dflow-v4,176,2742.000825845,2780.905927783694,1.3949328776066658,2
830,orca-whirlpool,,1761,2156.816433783,218.2595890147611,1.0972331321304782,4
830,raydium-clmm,,1050,1187.855174174,202.17356488026255,0.6042953089847724,1
830,raydium-clmm,dflow-v4,189,1085.0505841959996,1022.7648294901879,0.5519957249811853,1
830,orca-whirlpool-v2,,292,836.841707467,505.73862761915916,0.42572489406106595,3
830,meteora-dlmm,,674,787.5075335890001,206.2723681062828,0.4006272133881294,5
830,meteora,,131,784.9799413489999,1043.948272915001,0.3993413561835923,2
830,orca-whirlpool-v2,okx-aggregator,528,662.2478284709999,223.79172085125694,0.3369040812645028,1
830,raydium-clmm,okx-aggregator,402,325.89827598400007,144.21990643584448,0.1657936115994119,1
830,meteora-dlmm-v2,okx-aggregator,108,253.240590732,418.1389865723805,0.12883060523796117,1
830,raydium-clmm,raydium-router,67,133.236327214,358.02888533367286,0.06778106394810926,1
830,meteora,okx-aggregator,236,58.44330315,44.44249158575556,0.029731750724307268,2
830,orca-whirlpool-v2,jupiter-aggregator-v6,94,57.26458984499999,108.28138854407979,0.029132106141082092,2
830,meteora-dlmm-v2,,63,43.516704086999994,122.90088440104792,0.02213817030391663,3
830,meteora-dlmm-v2,jupiter-aggregator-v6,52,18.273260028,62.47934236313654,0.009296120903339873,4
830,stabble,jupiter-aggregator-v6,73,0.5029897809999999,1.233781475822877,0.00025588503694226773,2
830,stabble,,4,0.081811516,3.6627585453,4.161981730989269e-05,3
830,stabble,dflow-v4,2,0.00025813,0.02296840025,1.3131798513796765e-07,1
831,orca-whirlpool,jupiter-aggregator-v6,22626,110505.23213485397,881.9450196201606,54.032279344163534,3
831,meteora-dlmm,jupiter-aggregator-v6,4330,42601.72379379,1775.1494067035455,20.83040048058446,2
831,raydium-clmm,jupiter-aggregator-v6,6235,36136.269502024996,1045.4015930854875,17.669072952189698,1
831,meteora,jupiter-aggregator-v6,4106,3613.047158945,158.861390887035,1.7666238023690717,2
831,orca-whirlpool,,1788,2238.731459656,225.9653654394874,1.0946428623133702,8
831,orca-whirlpool-v2,,367,2016.658348386,1002.1624506200748,0.9860587151996376,3
831,meteora,,205,1824.1558078750002,1596.486386473342,0.8919332983084418,2
831,raydium-clmm,,1097,1794.1262698659998,297.6736874396277,0.8772501529502347,1
831,orca-whirlpool,dflow-v4,286,1143.6527186359997,720.3156468451637,0.5591967183114235,1
831,meteora-dlmm,dflow-v4,111,760.1324933720001,1232.450280379757,0.37167191477712125,2
831,raydium-clmm,dflow-v4,185,583.2389367210001,568.5522806284374,0.2851786159305518,1
831,meteora-dlmm,,480,423.135551298,159.46773886653253,0.2068949846671474,5
831,raydium-clmm,raydium-router,69,331.1111843670001,866.2766376543767,0.16189904914060407,2
831,meteora-dlmm-v2,okx-aggregator,71,178.48449554999993,456.46270329932673,0.08727119916268618,1
831,orca-whirlpool-v2,okx-aggregator,182,163.64343734000002,163.46190937714155,0.0800145635493867,1
831,raydium-clmm,okx-aggregator,115,107.56338517600003,169.78507132249663,0.05259384341133281,1
831,meteora-dlmm-v2,,77,49.793762541,117.32243225521871,0.02434699638410758,3
831,orca-whirlpool-v2,jupiter-aggregator-v6,53,23.36709753,79.26225797423774,0.011425500103583328,1
831,meteora,okx-aggregator,58,11.770830135,36.63534355348465,0.005755426866945776,2
831,meteora-dlmm-v2,jupiter-aggregator-v6,45,10.913795124,44.13553771734222,0.005336373811923282,3
831,stabble,jupiter-aggregator-v6,80,0.29442426199999994,0.6695736554128751,0.00014396073075227347,2
831,orca-whirlpool,jupiter-aggregator-v4,2,0.010082144999999999,0.9218893537,4.929732868789123e-06,1
831,invariant,jupiter-aggregator-v6,1,0.006818879,1.198506943,3.334136925683563e-06,1
831,stabble,dflow-v4,3,0.00200673,0.11981561661333333,9.812041822236435e-07,1
832,orca-whirlpool,jupiter-aggregator-v6,36811,102262.94989848901,523.2107133351108,56.871285391378635,3
832,meteora-dlmm,jupiter-aggregator-v6,6177,28546.688940350996,869.446802112479,15.875611796033292,2
832,raydium-clmm,jupiter-aggregator-v6,9852,25655.778780965,489.89815609501585,14.26789583557569,1
832,orca-whirlpool,,4503,6637.204489705001,283.2606459945013,3.6911349722420828,6
832,meteora,jupiter-aggregator-v6,6775,4749.462392743001,130.16094583837003,2.6413088167457435,2
832,orca-whirlpool,dflow-v4,437,4686.450216475,2059.2226755606484,2.606265983899375,2
832,raydium-clmm,,3359,1843.0320531059997,105.48590393445407,1.0249616501547696,3
832,raydium-clmm,dflow-v4,278,1114.769596198,784.6575244381875,0.6199545379234667,1
832,meteora-dlmm,,688,868.016774544,231.7709636835064,0.48272839536311074,4
832,orca-whirlpool-v2,,465,859.9013965010001,358.1998952526978,0.4782152067527635,4
832,orca-whirlpool-v2,okx-aggregator,325,725.256360406,436.9702676529297,0.40333533792546716,1
832,raydium-clmm,raydium-router,102,556.840004231,981.6361490937977,0.30967429386100276,2
832,meteora,,194,401.52263606100007,375.40914510713435,0.2232979632329303,2
832,meteora-dlmm,dflow-v4,158,379.16947776300003,463.5309425191526,0.21086674697888982,2
832,raydium-clmm,okx-aggregator,199,238.30004231,234.11871285092764,0.13252531565383543,1
832,meteora-dlmm-v2,okx-aggregator,76,106.24404825500002,273.3090955406886,0.059085285486516044,1
832,meteora-dlmm-v2,,66,83.8135051,241.51005555847306,0.04661103335005885,3
832,orca-whirlpool-v2,jupiter-aggregator-v6,48,49.147250670999995,196.64731525117497,0.02733216010184119,2
832,meteora,okx-aggregator,164,44.351717656,50.35450449926585,0.024665230124067555,2
832,meteora-dlmm-v2,jupiter-aggregator-v6,45,4.126902238,16.76739693544222,0.0022950857098547775,2
832,stabble,,5,1.0752712279999999,42.1924900158,0.0005979883911174923,2
832,stabble,jupiter-aggregator-v6,84,0.621221111,1.3931217183721427,0.0003454784272300003,3
832,invariant,jupiter-aggregator-v6,1,0.006789014,1.18807745,3.775560485037112e-06,1
832,stabble,dflow-v4,2,0.002135731,0.1889332972,1.1877397174713142e-06,1
832,orca-whirlpool,jupiter-aggregator-v4,1,0.000589752,0.1185106644,3.2797757482479885e-07,1
832,pumpswap,,1,0.000365762,0.07082936628,2.0341047376366348e-07,1
833,orca-whirlpool,jupiter-aggregator-v6,40215,77344.070733937,382.8508365450688,67.90382112472311,3
833,raydium-clmm,jupiter-aggregator-v6,11449,12934.343604246,226.25316070378668,11.355639108907807,1
833,orca-whirlpool,,5356,5916.1501201599995,219.10386186628497,5.194052959641845,6
833,orca-whirlpool,dflow-v4,463,5107.905474282,2147.022939480329,4.4844588131492,2
833,raydium-clmm,,4205,3127.2178459120005,147.22284579898712,2.7455245012553435,1
833,meteora,jupiter-aggregator-v6,4712,2146.772499304,91.05454746208744,1.8847476529865514,2
833,raydium-clmm,dflow-v4,384,1719.0161253360002,878.0292864661556,1.5092011886324543,1
833,meteora-dlmm,dflow-v4,77,1171.563444809,2933.163110632088,1.0285679799068068,2
833,meteora-dlmm,jupiter-aggregator-v6,2378,1160.284461755,95.57024658387381,1.0186656559083422,3
833,orca-whirlpool-v2,,518,910.511538394,347.7985204107629,0.799378828246418,4
833,orca-whirlpool-v2,okx-aggregator,430,864.1301377130001,390.95915921098714,0.7586585208528378,1
833,meteora,,148,612.9415828430002,828.4682709790499,0.5381288469345235,3
833,raydium-clmm,okx-aggregator,249,237.885611635,190.97533339677062,0.20885042469739873,1
833,meteora-dlmm,,500,210.636255839,83.14981514701203,0.18492699573668808,6
833,raydium-clmm,raydium-router,106,141.87556434299992,262.2716569368151,0.12455890738227016,2
833,orca-whirlpool-v2,jupiter-aggregator-v6,95,124.60430842800001,265.5114180367873,0.109395698863212,3
833,meteora-dlmm-v2,okx-aggregator,203,116.42652988899997,111.5430041818138,0.10221606109860437,1
833,meteora,okx-aggregator,156,25.773810858000004,32.883976585579234,0.022627982023658247,2
833,meteora-dlmm-v2,,41,21.652727029999994,106.51385695372682,0.01900989809762415,2
833,meteora-dlmm-v2,jupiter-aggregator-v6,63,7.952867682000002,24.410563611011106,0.0069821784576715494,4
833,stabble,jupiter-aggregator-v6,39,0.5335377680000001,2.687226170888718,0.000468416684275442,2
833,stabble,,5,0.102379561,3.980991004056,8.988359845819827e-05,2
833,stabble,dflow-v4,1,0.01983,4.100094409,1.7409644464348426e-05,1
833,pumpswap,,2,0.003533252,0.3544291943,3.1020000566287444e-06,1
833,meteora-ammv2,jupiter-aggregator-v6,1,0.0032,0.613376,2.8094232115942997e-06,1
833,orca-whirlpool,jupiter-aggregator-v4,3,0.002996768,0.19808957246666667,2.6309967434259454e-06,1
833,meteora-ammv2,,2,0.002751769,0.26372954095,2.4159011567330104e-06,1
833,orca-whirlpool-v2,photon,1,4.84e-06,0.0009535768,4.249252607536378e-09,1
834,orca-whirlpool,jupiter-aggregator-v6,16292,57642.916735798004,661.3485624081007,53.355407667537705,3
834,raydium-clmm,jupiter-aggregator-v6,5562,19380.275064773,650.3413744300444,17.938760481698647,1
834,meteora-dlmm,jupiter-aggregator-v6,2516,18209.457731500002,1345.7548936168057,16.855029129114186,2
834,meteora,jupiter-aggregator-v6,2598,3260.345831895,232.76123278766184,3.017839673090006,2
834,orca-whirlpool,dflow-v4,219,2406.720996631,2082.55892787496,2.227707881366144,1
834,raydium-clmm,dflow-v4,164,1206.3954481230003,1396.400628779162,1.116663149401151,1
834,orca-whirlpool,,1262,1201.938310933,181.98506210920442,1.112537536311643,5
834,orca-whirlpool-v2,okx-aggregator,110,1013.482260971,1738.666174076872,0.9380989419007567,1
834,meteora-dlmm,dflow-v4,62,717.1930054110001,2165.65430121545,0.663847829827911,2
834,raydium-clmm,,1213,606.4584274670001,94.79593695165163,0.5613497453507662,1
834,meteora-dlmm-v2,okx-aggregator,33,494.5310664489999,2788.0986414245767,0.457747597603126,1
834,raydium-clmm,okx-aggregator,111,484.95650841799994,825.0368700847014,0.4488852000023599,1
834,raydium-clmm,raydium-router,62,420.94681064300005,1280.0897693863405,0.3896365756637511,1
834,meteora,,58,341.48752367500003,1085.3218200269666,0.3160875103279126,2
834,meteora-dlmm,,244,334.921418722,259.88303516632595,0.31000979555575947,4
834,orca-whirlpool-v2,,88,275.5967714040001,593.775819170333,0.2550977452705066,2
834,meteora-dlmm-v2,,31,20.804713168000003,125.68421243674194,0.019257248164117603,2
834,meteora,okx-aggregator,52,8.505422906,30.483183185397316,0.007872785282785894,2
834,meteora-dlmm-v2,jupiter-aggregator-v6,20,6.176762572,57.97990880615,0.005717331872798512,2
834,orca-whirlpool-v2,jupiter-aggregator-v6,14,2.540142753,34.77962174221429,0.0023512056605540926,1
834,stabble,jupiter-aggregator-v6,12,0.050160681,0.7971595441166667,4.642970437986567e-05,2
834,orca-whirlpool-v2,photon,1,0.0495,9.58023,4.581816516413225e-05,1
834,stabble,dflow-v4,3,0.001192273,0.07328288705333333,1.1035911360552616e-06,1
834,pumpswap,,1,0.00099609,0.1886096415,9.220003260270808e-07,1
834,pumpswap,jupiter-aggregator-v6,1,0.000729694,0.1373461756,6.754189941671984e-07,1
834,orca-whirlpool,jupiter-aggregator-v4,1,2.1734e-05,0.00418944584,2.011741417529799e-08,1
835,orca-whirlpool,jupiter-aggregator-v6,25185,142568.003514045,1040.0444860827486,54.16572157110583,3
835,raydium-clmm,jupiter-aggregator-v6,8796,52400.34031722401,1098.516895964271,19.90840983877798,1
835,meteora-dlmm,jupiter-aggregator-v6,1674,41255.708830979995,4540.126601012037,15.674240942409842,3
835,meteora,jupiter-aggregator-v6,6387,10162.828734592002,298.9996444765041,3.861153541078481,2
835,orca-whirlpool,,2356,3417.057936046999,263.3708530293198,1.2982394660385739,4
835,raydium-clmm,,2166,2697.1454704770003,232.9249654688069,1.024723829959744,3
835,meteora,,178,2349.989199687,2432.134579287322,0.8928290889113285,3
835,orca-whirlpool,dflow-v4,290,2280.869090292,1440.1466929618832,0.8665683536259029,2
835,meteora-dlmm,,201,1409.1226126830002,1342.0527936033436,0.5353665704564444,6
835,orca-whirlpool-v2,,355,1367.0524379320002,702.6888419476044,0.5193828902768596,4
835,raydium-clmm,dflow-v4,263,1338.269056141,926.4222814363548,0.508447248298731,1
835,meteora-dlmm-v2,jupiter-aggregator-v6,40,462.20282773599996,2211.019986300755,0.17560426645141033,3
835,raydium-clmm,raydium-router,60,408.8748206499999,1235.2507784547986,0.15534340908815442,1
835,orca-whirlpool-v2,okx-aggregator,185,371.214149611,360.0771893514085,0.14103502732366882,1
835,meteora-dlmm-v2,,43,296.23334202700005,1270.1822188057677,0.1125476427305929,1
835,meteora-dlmm,dflow-v4,87,161.53455748199997,339.6810140476029,0.06137166579470152,2
835,raydium-clmm,okx-aggregator,154,135.73743122000002,161.20583714239083,0.05157058894715699,1
835,orca-whirlpool-v2,jupiter-aggregator-v6,82,76.14971661400001,170.87153020095244,0.02893148705295711,1
835,meteora-dlmm-v2,okx-aggregator,20,28.374591015,262.695094468245,0.010780330500041558,1
835,meteora,okx-aggregator,91,20.291697247000002,40.85708181368198,0.007709404608292058,2
835,stabble,jupiter-aggregator-v6,39,0.055332057000000004,0.263166634352564,2.102225407907392e-05,2
835,stabble,dflow-v4,4,0.0024294390000000003,0.11549046965250001,9.230143735233135e-07,1
835,invariant,jupiter-aggregator-v6,1,0.001678879,0.3065465166,6.378548497848462e-07,1
835,pumpswap,,2,0.00031052900000000004,0.02972345992,1.1797897802571746e-07,1
835,orca-whirlpool,jupiter-aggregator-v4,1,0.000268209,0.0494551192,1.0190038198461222e-07,1
835,meteora-ammv2,jupiter-aggregator-v6,1,8.8334e-05,0.01577026902,3.3560649874645284e-08,1
836,orca-whirlpool,jupiter-aggregator-v6,25006,94635.62324376097,700.2472510180842,31.569093152216197,3
836,raydium-clmm,,31604,83482.02278747299,481.1877840357255,27.84841123859685,1
836,meteora-dlmm,jupiter-aggregator-v6,4112,39253.840867133,1772.4091925923267,13.094521031735162,3
836,raydium-clmm,jupiter-aggregator-v6,7816,36482.355964363,865.0687883634616,12.169993226384914,1
836,orca-whirlpool,dflow-v4,357,14576.773667799,7505.10700794102,4.8626036370279495,1
836,meteora-dlmm,dflow-v4,151,10237.27087342,12496.265985744089,3.4150074438144733,2
836,raydium-clmm,dflow-v4,218,6289.487744924001,5301.299712962174,2.098083340010317,1
836,meteora,jupiter-aggregator-v6,5313,6102.693700678001,211.65474664467638,2.035771513015825,2
836,orca-whirlpool,,2511,3038.7990790370004,221.95989550778492,1.0136999990995714,4
836,orca-whirlpool-v2,okx-aggregator,178,1331.590328792,1382.2133911304547,0.4441995275071665,1
836,meteora,,194,1229.6805715669998,1181.915747224514,0.41020388708464867,2
836,orca-whirlpool-v2,,366,893.5222709750001,445.7855093353615,0.2980662760928051,3
836,meteora-dlmm-v2,okx-aggregator,36,862.9194886629999,4255.5842722851185,0.28785762471597576,1
836,raydium-clmm,okx-aggregator,144,550.967656753,702.5035591187681,0.18379494617044687,1
836,meteora-dlmm,,619,477.32736828699996,140.44842621536273,0.15922959702754375,5
836,raydium-clmm,raydium-router,91,112.99672675199999,227.0113088777912,0.03769409520916937,1
836,meteora-dlmm-v2,,124,107.61163687200003,157.65045394110786,0.03589770608816273,4
836,orca-whirlpool-v2,jupiter-aggregator-v6,137,70.16851004899998,94.21842891203444,0.02340721341669969,4
836,meteora-dlmm-v2,jupiter-aggregator-v6,62,17.996971349000003,52.980833318209676,0.0060035327659957415,2
836,meteora,okx-aggregator,87,17.716016423000003,37.367331624372866,0.005909810212833893,2
836,stabble,jupiter-aggregator-v6,54,0.693093616,2.3926211915537037,0.00023120613756990148,4
836,stabble,,1,0.421269441,79.00908366,0.00014052947261577648,1
836,meteora,jupiter-aggregator-v4,1,0.216174524,39.258973817,7.211273568425419e-05,1
836,orca-whirlpool-v2,photon,1,0.171594302,30.594843065,5.724140993158883e-05,1
836,phoenix,,2,0.110383538,10.364203,3.682237274030879e-05,1
836,meteora-ammv2,,9,0.022821196000000002,0.45736524821777774,7.612825252001291e-06,2
836,pumpswap,,5,0.0079245,0.29737172533,2.6435000912960132e-06,1
836,stabble,dflow-v4,5,0.0058959500000000005,0.22104787518400001,1.9668047653828925e-06,2
836,meteora-ammv2,jupiter-aggregator-v6,12,0.002806232,0.04166684998333334,9.361189410307016e-07,1
836,orca-whirlpool,jupiter-aggregator-v4,1,0.000390993,0.0706133358,1.3042968404266545e-07,1
837,raydium-clmm,,39151,106518.08353179,521.2629763897299,33.52839531258682,1
837,orca-whirlpool,jupiter-aggregator-v6,27581,86795.50736800002,604.1318181098927,27.32037590145275,3
837,meteora-dlmm,jupiter-aggregator-v6,7862,35313.784642413004,849.126582236556,11.115619923081086,3
837,raydium-clmm,jupiter-aggregator-v6,10046,28676.894970650996,547.6202935202049,9.026544968081081,1
837,orca-whirlpool-v2,okx-aggregator,205,18996.244024173004,18607.3268110337,5.979393901757089,1
837,raydium-clmm,okx-aggregator,149,7379.902618669,9960.334780000576,2.322951034819193,1
837,orca-whirlpool,dflow-v4,461,6709.754474585002,2909.4585293589525,2.1120104025073205,1
837,meteora-dlmm-v2,okx-aggregator,95,5435.815367204999,11457.103906376287,1.7110161996436057,1
837,meteora-dlmm,dflow-v4,251,4700.564584705,3623.2382097005097,1.479583394319132,2
837,orca-whirlpool,,3030,4131.428350709,255.2496115122897,1.3004379947078093,3
837,meteora,jupiter-aggregator-v6,6577,3895.42874689,113.8472159430435,1.2261530681667137,2
837,raydium-clmm,dflow-v4,306,2333.2889155589996,1550.49768066849,0.734442740100475,1
837,meteora-dlmm-v2,,223,2198.8548739210005,1826.7378203432982,0.6921273177603577,3
837,meteora-dlmm,,1325,1913.760084308,277.8621908497796,0.6023888387081068,3
837,meteora,,290,1315.0634901460003,829.4787002080664,0.4139388082926416,2
837,orca-whirlpool-v2,,359,534.346493559,286.61150182449353,0.16819473159779358,3
837,raydium-clmm,raydium-router,103,471.05862194400004,846.0335551423487,0.14827378758863222,2
837,orca-whirlpool-v2,jupiter-aggregator-v6,199,236.24177081599996,228.41968861911369,0.0743611527605117,2
837,meteora-dlmm-v2,jupiter-aggregator-v6,118,125.156313631,196.95659942755512,0.03939509818568877,2
837,meteora,okx-aggregator,94,11.855324213999998,24.369998206747553,0.0037316668083616504,2
837,phoenix,,2,1.49974001,151.286060465,0.0004720689131285002,1
837,stabble,jupiter-aggregator-v6,39,0.371262457,1.8053727713558976,0.00011686123154199676,2
837,stabble,,3,0.23161303900000002,15.357720369666666,7.290417996324505e-05,1
837,pumpswap,jupiter-aggregator-v6,3,0.004000102,0.24077409327,1.259100771435137e-06,1
837,orca-whirlpool,jupiter-aggregator-v4,2,0.0013520820000000001,0.1296817196,4.2559101973988733e-07,1
837,stabble,dflow-v4,3,0.0007562999999999999,0.05045585103333333,2.380584078696978e-07,2
838,raydium-clmm,,33654,89124.293294292,537.2123266368266,38.20659856065862,1
838,orca-whirlpool,jupiter-aggregator-v6,36461,77911.018061001,435.5798573023088,33.399591519673045,3
838,raydium-clmm,jupiter-aggregator-v6,12629,25469.506291315007,410.26728616504147,10.918495580068338,1
838,meteora-dlmm,jupiter-aggregator-v6,6477,24315.664949399,761.4034349957611,10.423856561639232,2
838,meteora,jupiter-aggregator-v6,5720,3208.756321566,114.16996310258683,1.3755583368524669,2
838,orca-whirlpool,,3959,3145.4688223959997,162.6616728875703,1.3484276861025992,3
838,orca-whirlpool-v2,okx-aggregator,207,2517.5936905169997,2467.234319735595,1.0792645631961544,1
838,orca-whirlpool,dflow-v4,407,2079.311267514,1023.8853483483541,0.8913777371365662,2
838,meteora-dlmm,dflow-v4,235,1511.7333079220004,1308.7191908446723,0.6480633449269834,2
838,raydium-clmm,dflow-v4,225,785.7950321170001,702.8879494748452,0.33686163708382383,1
838,raydium-clmm,okx-aggregator,176,659.5141248029998,754.3617211995803,0.2827264091534303,1
838,orca-whirlpool-v2,,734,596.6266658469999,166.0150947175018,0.255767251217693,2
838,meteora-dlmm-v2,,486,569.788926247,242.4013210052492,0.24426220915484215,2
838,meteora-dlmm,,742,565.535065427,155.14381235488338,0.2424386260814147,2
838,raydium-clmm,raydium-router,110,297.39270529400005,542.0232593621164,0.12748896272890636,1
838,orca-whirlpool-v2,jupiter-aggregator-v6,187,175.97601978100005,193.48722250944118,0.07543897287212256,2
838,meteora,,247,172.69262353999997,143.05769916160202,0.07403141722754389,2
838,meteora-dlmm-v2,okx-aggregator,68,84.836701355,254.6832059568294,0.03636855532955524,1
838,meteora-dlmm-v2,jupiter-aggregator-v6,194,51.106468662,54.00439810824795,0.021908777728809985,2
838,meteora,okx-aggregator,68,26.276710841000003,78.07792402933204,0.01126453524048186,2
838,stabble,jupiter-aggregator-v6,52,0.252864377,0.9752720457544228,0.00010840016100244111,2
838,stabble,okx-aggregator,5,0.170259841,6.648520200600001,7.298851026631572e-05,3
838,stabble,,3,0.051690245999999995,3.366218651666667,2.2159036615330707e-05,2
838,orca-whirlpool,jupiter-aggregator-v4,23,0.011176042999999998,0.09940562896782608,4.791045994470803e-06,2
838,stabble,dflow-v4,3,0.000973138,0.06481757695333333,4.1717349485567733e-07,1
839,orca-whirlpool,jupiter-aggregator-v6,33980,101527.09865049398,583.3418238565326,41.61426310361482,3
839,raydium-clmm,,17625,42935.708587181995,460.44274721423494,17.59863029118908,1
839,meteora-dlmm,jupiter-aggregator-v6,3363,38785.232219872,2271.7270091200653,15.897419305645636,3
839,raydium-clmm,jupiter-aggregator-v6,12623,38385.648240418,593.0040348759242,15.733636502098463,1
839,orca-whirlpool,dflow-v4,541,5904.374440976,2196.4928536377065,2.420104530859047,1
839,meteora,jupiter-aggregator-v6,6818,3783.3029770400008,108.24593257662454,1.550712741523475,2
839,orca-whirlpool,,3886,3413.662546716,171.5393041018062,1.3992032989638108,5
839,raydium-clmm,dflow-v4,392,2367.5761971409997,1206.26800004049,0.9704299649579519,1
839,orca-whirlpool-v2,okx-aggregator,227,1911.7613330870004,1655.8674408772747,0.7835990603875367,1
839,meteora-dlmm,dflow-v4,174,1282.6601943489998,1517.1232270315602,0.5257410042211749,2
839,orca-whirlpool-v2,,308,910.7148707219999,583.7116533051686,0.37328682436859395,3
839,raydium-clmm,okx-aggregator,251,822.1738866070004,641.0370330912922,0.33699535285615906,1
839,meteora-dlmm-v2,okx-aggregator,38,682.212956378,3609.6593899352893,0.2796277037044125,1
839,meteora,,167,446.64784064900005,523.5035772216356,0.18307349468750408,3
839,meteora-dlmm,,411,401.039738374,195.23147535902007,0.16437949482977063,3
839,orca-whirlpool-v2,jupiter-aggregator-v6,179,144.745374117,158.25484395147603,0.05932871284219141,1
839,raydium-clmm,raydium-router,99,129.056520721,251.02604932044906,0.05289811370468707,3
839,meteora-dlmm-v2,,123,97.64206647699999,152.6610820872358,0.040021853262471374,5
839,meteora,okx-aggregator,86,22.321967878999995,51.58449885338513,0.009149402047870153,2
839,meteora-dlmm-v2,jupiter-aggregator-v6,96,14.256738361,29.610141145996874,0.005843599088716456,2
839,stabble,jupiter-aggregator-v6,172,1.6834032390000002,1.854188761877675,0.0006899988892461327,4
839,stabble,okx-aggregator,7,1.58728603,42.87505347171429,0.0006506020496114202,3
839,stabble,,14,0.597045787,8.283639841865714,0.00024471910253885584,4
839,phoenix,,1,0.164543544,31.987264954,6.744365221731771e-05,1
839,orca-whirlpool,jupiter-aggregator-v4,9,0.005654329999999999,0.11946453218666668,2.3176154881041456e-06,1
839,stabble,dflow-v4,4,0.0008296730000000001,0.0392471248175,3.40069114264967e-07,2
839,pumpswap,jupiter-aggregator-v6,2,0.000545932,0.05313663949,2.2376841441013744e-07,1
840,orca-whirlpool,jupiter-aggregator-v6,41088,162078.061277943,832.1699691938011,43.2606551614602,3
840,raydium-clmm,,38137,81544.542583003,448.2369310329561,21.7652550207446,1
840,raydium-clmm,jupiter-aggregator-v6,13911,41948.687220843996,637.3121733010378,11.196627588140137,1
840,meteora-dlmm,jupiter-aggregator-v6,6975,34751.78490683601,1054.815182335783,9.275684637674424,3
840,orca-whirlpool,,5621,16062.030213693002,603.1764171709622,4.287156107302781,7
840,meteora-dlmm,dflow-v4,321,6518.163567916,4219.092876681158,1.7397791173849722,2
840,meteora,jupiter-aggregator-v6,8074,5722.812136217001,147.97651611656318,1.5274899047203432,2
840,meteora-dlmm,,965,3916.9995318520005,851.6007758688555,1.0454960077814734,5
840,orca-whirlpool,dflow-v4,577,3697.2092826559997,1344.7372871976354,0.9868312501742478,1
840,orca-whirlpool-v2,,463,3569.6061035680004,1629.4658651062332,0.9527723708632129,3
840,meteora-dlmm-v2,,256,3143.176723183,2577.742258576035,0.8389530529981296,4
840,orca-whirlpool-v2,okx-aggregator,377,3121.917941073001,1747.1118891127853,0.8332788190224643,1
840,raydium-clmm,dflow-v4,438,2944.424223817999,1412.1454167430832,0.7859035330957234,1
840,meteora,,309,1904.61663285,1294.4688034559022,0.5083659239186515,2
840,raydium-clmm,okx-aggregator,279,1540.1640106460002,1168.0090972525688,0.4110889754683629,1
840,meteora-dlmm-v2,okx-aggregator,144,1307.29151944,1923.2272815810345,0.34893240437403716,1
840,orca-whirlpool-v2,jupiter-aggregator-v6,237,601.8609293639998,534.7837496609958,0.1606441853701719,3
840,raydium-clmm,raydium-router,110,162.07965502099998,309.5324668227057,0.0432610805513511,1
840,meteora-dlmm-v2,jupiter-aggregator-v6,210,70.979391682,70.99979864324905,0.018945284530887306,5
840,meteora,okx-aggregator,163,42.747135452,55.17078435402387,0.011409743375187244,2
840,stabble,jupiter-aggregator-v6,202,4.212219299999999,4.358544249273119,0.0011242938443671142,4
840,stabble,,11,1.2556405640000001,23.871091905454545,0.00033514612044127233,2
840,stabble,dflow-v4,6,0.030840568,1.0933061451166666,8.231732084600962e-06,2
840,orca-whirlpool,jupiter-aggregator-v4,12,0.008090112,0.14231604522666666,2.1593517511874382e-06,1
841,orca-whirlpool,jupiter-aggregator-v6,22824,130702.63972920201,1170.7969240915882,39.65786694692936,3
841,raydium-clmm,,61192,66844.214870309,221.50659081225427,20.28190849848918,1
841,raydium-clmm,jupiter-aggregator-v6,8835,55308.340878784984,1279.085450803479,16.781687257202428,1
841,meteora-dlmm,jupiter-aggregator-v6,3964,47888.446246427986,2475.917285834186,14.530338740447831,3
841,orca-whirlpool,,2366,5809.24700025,500.59653368600954,1.7626449249616056,1
841,meteora,jupiter-aggregator-v6,6332,5734.346170899999,185.66735054166196,1.7399184740595326,2
841,orca-whirlpool,dflow-v4,408,5212.995347917001,2602.107808114911,1.581729920152978,1
841,raydium-clmm,dflow-v4,312,3524.527791979999,2294.436786293904,1.0694141642027486,1
841,meteora,,153,2728.364344029,3631.9589837611175,0.8278418122420954,3
841,orca-whirlpool-v2,okx-aggregator,215,1535.1673241000003,1447.9281329561807,0.4658013151575932,1
841,meteora-dlmm-v2,,106,1446.288976438,2776.9766377924902,0.43883379794948413,3
841,raydium-clmm,okx-aggregator,166,796.0806196539997,966.4267379899354,0.24154722015314994,1
841,meteora-dlmm-v2,okx-aggregator,54,605.20031576,2258.161621133193,0.18363021319520714,1
841,meteora-dlmm,,563,586.877485557,213.01380094086747,0.17807068996149694,4
841,orca-whirlpool-v2,,181,465.175262415,524.4579532573977,0.14114373437352495,2
841,meteora-dlmm,dflow-v4,137,190.875923957,284.5191467416172,0.05791567799504556,2
841,raydium-clmm,raydium-router,81,60.210758934,150.26292754321855,0.01826918164411574,1
841,orca-whirlpool-v2,jupiter-aggregator-v6,64,59.213330015000004,189.2303498506187,0.01796654121205809,1
841,meteora,okx-aggregator,97,38.66899834899999,82.0639255636608,0.011732968780683674,2
841,meteora-dlmm-v2,jupiter-aggregator-v6,44,18.834782489,87.91389189725,0.0057148600783479934,2
841,meteora,dflow-v4,129,17.206217712999997,27.196320803084724,0.005220720056884954,2
841,stabble,okx-aggregator,14,1.17855252,16.98024117621428,0.0003575970548488146,3
841,stabble,jupiter-aggregator-v6,67,0.7739203480000002,2.3332739120859705,0.00023482333832044224,4
841,stabble,,9,0.668830422,14.98737729788889,0.00020293689508252868,4
841,stabble,dflow-v4,13,0.018881355,0.29672394964923077,5.728991135291059e-06,2
841,pumpswap,jupiter-aggregator-v6,1,0.00319998,0.6482769013,9.709396943762079e-07,1
841,orca-whirlpool,jupiter-aggregator-v4,2,0.00069249,0.069827620505,2.101156972726643e-07,2
841,phoenix,jupiter-aggregator-v6,2,0.000241974,0.0246087558,7.341988437646127e-08,1
842,raydium-clmm,,78268,106608.18305129201,274.80747657076216,50.13743289327333,2
842,orca-whirlpool,jupiter-aggregator-v6,21735,53912.000049967006,495.30041830006724,25.354613569831496,2
842,raydium-clmm,jupiter-aggregator-v6,8080,17415.298932641006,430.5841662646723,8.190350464293003,1
842,meteora-dlmm,jupiter-aggregator-v6,4100,14013.031010399001,684.1968438401112,6.590276485410218,2
842,orca-whirlpool,dflow-v4,368,5542.297526498,3003.2982207476675,2.606521960660885,1
842,meteora,jupiter-aggregator-v6,6383,3663.710854564001,114.96439763355986,1.7230296198058455,2
842,orca-whirlpool-v2,,187,2779.1240793400007,2953.0602574395634,1.3070117418936782,3
842,raydium-clmm,dflow-v4,262,2666.2095786400014,2021.540166623936,1.2539084712113526,1
842,orca-whirlpool,,1956,2131.031846602,217.90629745529657,1.0022163697418085,5
842,meteora,,139,1008.29592412,1462.7721625666459,0.47419783158488826,3
842,meteora-dlmm-v2,,100,500.94939699,1012.9239769825492,0.2355946425090815,3
842,meteora-dlmm,,496,431.1126698539999,175.02465737206856,0.20275068888328512,3
842,meteora,dflow-v4,400,425.656391465,214.63213230203093,0.2001846214037945,2
842,orca-whirlpool-v2,okx-aggregator,198,411.8446402149999,415.53652055625423,0.19368900604280212,1
842,meteora-dlmm-v2,okx-aggregator,34,343.852213112,2018.4893248340004,0.1617124198787992,1
842,meteora-dlmm,dflow-v4,239,255.85115701500004,214.1842212638644,0.12032584974583185,2
842,raydium-clmm,okx-aggregator,169,253.78803866200005,301.8933912255176,0.11935557284012144,1
842,orca-whirlpool-v2,jupiter-aggregator-v6,92,134.008838108,291.36388807961515,0.0630238592896078,2
842,raydium-clmm,raydium-router,95,68.98487428399999,146.13596024395648,0.03244333039050916,1
842,meteora-dlmm-v2,jupiter-aggregator-v6,46,54.81363277400003,237.5244954797369,0.02577864809421538,2
842,meteora,okx-aggregator,82,10.098198064999998,24.786507869904394,0.004749145078134637,2
842,stabble,jupiter-aggregator-v6,55,1.148019404,4.1967579256274545,0.0005399092656942911,3
842,stabble,,5,0.382294714,15.431351737399998,0.00017979178539611948,3
842,stabble,okx-aggregator,3,0.22911499200000002,15.422493828,0.00010775193055035974,3
842,stabble,dflow-v4,4,0.00905602,0.45121583443499996,4.25901260142186e-06,2
842,orca-whirlpool,jupiter-aggregator-v4,4,0.0020887759999999997,0.10436738472750001,9.823436018855465e-07,2
842,phoenix,jupiter-aggregator-v6,2,0.000241974,0.024150820005,1.1379947429626405e-07,1
843,raydium-clmm,,38878,81411.85621985,433.51743384120164,39.867935720945304,3
843,orca-whirlpool,jupiter-aggregator-v6,21485,56221.917907816,545.0038454932223,27.53225283555882,3
843,meteora-dlmm,jupiter-aggregator-v6,4876,27437.892371145997,1171.7896957106673,13.436521167347482,2
843,raydium-clmm,jupiter-aggregator-v6,7360,20053.180215489,568.147607452739,9.82017775976857,1
843,meteora,jupiter-aggregator-v6,4803,3894.3119630339997,166.5892619784622,1.9070708644730847,2
843,orca-whirlpool,dflow-v4,397,3181.77799143,1667.3776927914903,1.5581381672233714,1
843,meteora-dlmm,dflow-v4,452,3138.015502745,1455.881587519165,1.5367073810099896,2
843,orca-whirlpool,,2070,2414.6100062349997,243.36567617937405,1.1824508246042995,3
843,raydium-clmm,dflow-v4,342,1710.753718961,1041.1421847241572,0.8377676479666801,1
843,orca-whirlpool-v2,,215,1139.9252141809998,1114.7256502234495,0.5582290746807964,3
843,meteora-dlmm-v2,okx-aggregator,81,1048.6082353099998,2671.6442010503906,0.513510533513665,1
843,meteora-dlmm,,637,825.0064917430002,268.7160265264028,0.4040112498276744,4
843,orca-whirlpool-v2,okx-aggregator,234,606.1491326110003,540.1651837363371,0.29683532323575657,1
843,meteora,,137,308.54531335400003,449.56303406383915,0.15109672338851463,3
843,raydium-clmm,okx-aggregator,174,294.96596365600004,352.87816264529283,0.1444468241474247,1
843,meteora-dlmm-v2,,160,225.53987149899996,293.80992957170247,0.11044839802141736,5
843,meteora,dflow-v4,321,157.320599538,100.84750356164682,0.07704095989439311,2
843,raydium-clmm,raydium-router,101,57.650586208,118.52962795003138,0.02823188134918065,1
843,orca-whirlpool-v2,jupiter-aggregator-v6,76,49.98262089099998,136.08854666176185,0.02447682695583718,1
843,meteora,okx-aggregator,93,11.855755951999999,26.53667105068581,0.005805843745180505,2
843,meteora-dlmm-v2,jupiter-aggregator-v6,54,10.972362955999998,41.798723133850004,0.005373240229965799,3
843,stabble,jupiter-aggregator-v6,82,1.8126849430000005,4.527231536469025,0.000887684056664819,3
843,stabble,,7,0.889886749,25.992493588714286,0.00043578354990759545,2
843,stabble,okx-aggregator,3,0.22869246199999999,16.062596222666667,0.00011199224287748988,3
843,orca-whirlpool-v2,photon,1,0.049660201,10.345452215,2.4318935758087936e-05,1
843,pumpswap,,4,0.014633987000000001,0.76657187215,7.1663622492726915e-06,1
843,stabble,dflow-v4,3,0.0045918439999999994,0.32342662276666667,2.2486570130306465e-06,2
843,orca-whirlpool,jupiter-aggregator-v4,5,0.003182125,0.13202557503600001,1.5583080996632607e-06,2
844,raydium-clmm,,62046,126636.52167707798,417.71821645234246,33.51774171850641,2
844,orca-whirlpool,jupiter-aggregator-v6,16870,122107.36953908602,1491.5497296381534,32.318980495798925,3
844,raydium-clmm,jupiter-aggregator-v6,6430,58566.631892670004,1875.8986531061964,15.50122520031812,1
844,meteora-dlmm,jupiter-aggregator-v6,3157,44804.89475460601,2927.5689266937966,11.858813478304612,3
844,meteora,jupiter-aggregator-v6,5443,6116.477611488,231.26156345092508,1.6188893543022034,2
844,orca-whirlpool,dflow-v4,396,5135.0897939589995,2690.738350518783,1.3591388261133062,1
844,meteora-dlmm,dflow-v4,210,3506.7552598159996,3475.7366366969013,0.9281565500373478,2
844,orca-whirlpool,,1240,3241.5610465850004,539.1551291278557,0.8579658102207149,5
844,raydium-clmm,dflow-v4,274,2191.611215509,1650.2381094019815,0.5800685118004854,1
844,meteora,,56,1756.9128426239997,6508.169554997349,0.4650139635954418,3
844,meteora-dlmm,,380,963.0490295419999,518.9743527596913,0.2548966775695146,5
844,meteora,dflow-v4,65,682.0544685129998,2181.3729746604445,0.18052395320733025,2
844,orca-whirlpool-v2,okx-aggregator,235,560.8280006690001,486.6518099170831,0.14843812690041994,1
844,orca-whirlpool-v2,,141,468.98319525400007,681.1973142564982,0.12412894322008781,4
844,raydium-clmm,okx-aggregator,200,409.25823627299997,416.0514201689989,0.10832113578221267,1
844,meteora-dlmm-v2,okx-aggregator,73,206.69376653299994,581.926992659411,0.05470703229787423,1
844,orca-whirlpool-v2,jupiter-aggregator-v6,78,188.93790521999995,502.99666512786047,0.05000746881020717,1
844,raydium-clmm,raydium-router,102,140.91072094700002,282.10262727830093,0.03729579024693768,1
844,meteora-dlmm-v2,,152,107.062192159,145.15977077253615,0.02833687199458197,4
844,meteora,okx-aggregator,78,16.816114076000005,44.06529397093077,0.004450834252582999,2
844,meteora-dlmm-v2,jupiter-aggregator-v6,39,9.176846442,48.45378924651025,0.0024288977994649523,3
844,stabble,jupiter-aggregator-v6,72,1.411201998,4.0311841174480545,0.0003735123442684216,3
844,stabble,okx-aggregator,3,0.228657251,15.950367639000001,6.0520255764960226e-05,3
844,stabble,,5,0.127726289,5.258629154279999,3.3806177780862176e-05,3
844,stabble,dflow-v4,7,0.0038002759999999996,0.11123073876,1.0058446626625456e-06,2
844,meteora-ammv2,,4,0.0028239750000000003,0.145117337545,7.474404967540416e-07,1
844,orca-whirlpool,jupiter-aggregator-v4,8,0.002533238,0.064758514,6.704891754056658e-07,2
844,pumpswap,,1,0.000364101,0.07555804487,9.63690656994638e-08,1
845,raydium-clmm,,59005,119384.072812075,415.08706676616964,60.30618948554385,2
845,orca-whirlpool,jupiter-aggregator-v6,14751,43389.310124998,602.9781776621044,21.917864723580596,3
845,raydium-clmm,jupiter-aggregator-v6,3889,19088.162292822995,1002.4740564999022,9.642277274070066,1
845,meteora-dlmm,jupiter-aggregator-v6,2401,6094.283422519999,519.9162408917908,3.0784928190180403,3
845,meteora,jupiter-aggregator-v6,2864,4569.745685196999,324.4076989726832,2.3083811994422336,2
845,meteora-dlmm,dflow-v4,20,1613.758730189,16463.11146801205,0.8151810997428559,2
845,orca-whirlpool,dflow-v4,31,1020.1465557380001,6681.320208825516,0.5153212655946368,1
845,orca-whirlpool,,878,938.408763526,218.983119624675,0.4740318819343373,3
845,orca-whirlpool-v2,okx-aggregator,207,494.0174769209999,487.2892033527905,0.24955013571420717,1
845,raydium-clmm,dflow-v4,17,375.3637994469999,4497.3207442595285,0.18961290130466113,1
845,raydium-clmm,raydium-router,86,368.66123166100004,888.2533531513908,0.18622713707815097,1
845,raydium-clmm,okx-aggregator,137,203.77306624699997,303.05057907042635,0.10293481245597882,1
845,orca-whirlpool-v2,,148,133.86207124900002,185.73358902928715,0.06761966854973187,3
845,meteora-dlmm,,138,110.271571296,163.63343513236842,0.05570306085899107,2
845,meteora,,39,46.080564437999996,239.63126965921546,0.023277336625742655,2
845,meteora,dflow-v4,14,45.40070597299999,653.6516006702857,0.02293390996548639,2
845,meteora-dlmm-v2,,91,30.239208724999997,68.14846603111285,0.015275165340801752,3
845,meteora-dlmm-v2,okx-aggregator,35,22.858612979,133.88157466925713,0.011546899123287886,1
845,orca-whirlpool-v2,jupiter-aggregator-v6,56,16.910197247,62.54023054514643,0.008542090543524816,1
845,meteora,okx-aggregator,76,9.467515836,25.41517657181145,0.004782462103315468,2
845,meteora-dlmm-v2,jupiter-aggregator-v6,16,8.095366776,103.36040410637499,0.004089328762614083,1
845,stabble,jupiter-aggregator-v6,44,0.24694280499999993,1.1845948786820453,0.0001247417619422634,2
845,stabble,,4,0.06455051,3.452901883,3.260732521310632e-05,3
845,stabble,dflow-v4,1,0.01,2.136141248,5.051443468549871e-06,1
845,invariant,jupiter-aggregator-v4,1,0.0035,0.725004731,1.768005213992455e-06,1
845,orca-whirlpool,jupiter-aggregator-v4,3,0.002203277,0.15412305838333332,1.1129729211056154e-06,1
845,pumpswap,,1,0.000121031,0.02510197856,6.113812544420595e-08,1
846,raydium-clmm,,42812,90919.77699319801,456.5327125829009,40.32618233824101,1
846,orca-whirlpool,jupiter-aggregator-v6,21269,59028.26267373801,599.7367623621263,26.181151806705692,3
846,raydium-clmm,jupiter-aggregator-v6,9383,26357.585444197,606.9638662510645,11.690534576409863,1
846,meteora-dlmm,jupiter-aggregator-v6,2529,20400.360206489,1741.9195587053644,9.048291501135312,3
846,orca-whirlpool,dflow-v4,101,5926.558320052999,12620.736848985762,2.6286411972893045,1
846,orca-whirlpool-v2,okx-aggregator,311,4376.425318770001,2997.9232223595395,1.9411016088129749,1
846,raydium-clmm,okx-aggregator,336,4076.5088507140003,2582.4465547808622,1.8080778973934855,1
846,meteora,jupiter-aggregator-v6,4925,3932.3549008569985,171.7044480362358,1.7441404499100188,2
846,raydium-clmm,dflow-v4,131,3873.681409207,6360.483568251755,1.7181166517777808,1
846,orca-whirlpool,,1013,2091.038429974,446.13648783187193,0.9274505480772266,9
846,meteora-dlmm,dflow-v4,89,1744.503559194,4192.5772177419685,0.7737499028735045,2
846,meteora-dlmm-v2,okx-aggregator,51,753.6788859270001,3157.491611963808,0.33428361995045747,1
846,meteora-dlmm,,349,618.802799144,385.20916821518483,0.2744612375320911,3
846,raydium-clmm,raydium-router,100,541.9909282549999,1175.1898875730164,0.2403924175937956,2
846,orca-whirlpool-v2,,239,343.96933585100004,309.56327136733216,0.1525627384384018,2
846,meteora,,116,118.870544751,220.07100365450341,0.05272335041729686,2
846,meteora,dflow-v4,49,112.29758593000001,494.5731143998683,0.04980800741181164,2
846,orca-whirlpool-v2,jupiter-aggregator-v6,210,104.66197293299999,107.84703795666665,0.046421339162457026,2
846,meteora-dlmm-v2,jupiter-aggregator-v6,51,49.46167243000001,211.61532838255297,0.021938025885344513,2
846,meteora-dlmm-v2,,202,45.89522143599999,49.388367602177915,0.020356176942894894,3
846,meteora,okx-aggregator,144,30.022667211999998,45.02991892533888,0.013316129804872024,2
846,phoenix,jupiter-aggregator-v6,10,13.338983765999997,223.58427581400005,0.005916317762138763,1
846,stabble,jupiter-aggregator-v6,37,0.576952506,3.337319374629189,0.000255899131376023,2
846,stabble,,4,0.19274281599999998,10.5044695085,8.54883524734506e-05,2
846,phoenix,,1,0.073439655,16.07373729,3.257312123201837e-05,1
846,stabble,dflow-v4,3,0.010044998999999999,0.7238510212000001,4.455317365018983e-06,1
846,orca-whirlpool,jupiter-aggregator-v4,13,0.008321149,0.1390343535907692,3.690728056479682e-06,2
846,pumpswap,,1,0.000121347,0.02653494849,5.382174714929873e-08,1
847,raydium-clmm,,54001,127832.51239892101,537.397916241324,37.15899251751428,2
847,orca-whirlpool,jupiter-aggregator-v6,21450,93221.53032200299,1002.4274520085488,27.098099557775555,3
847,raydium-clmm,jupiter-aggregator-v6,9705,49501.47095753899,1179.342606166007,14.38933456284528,1
847,meteora-dlmm,jupiter-aggregator-v6,4104,22240.614093738004,1263.9356419458506,6.465012673107008,3
847,orca-whirlpool,dflow-v4,238,15421.563665037995,15129.092285239645,4.482817071209764,1
847,orca-whirlpool-v2,okx-aggregator,309,10769.59069912,8068.622133300204,3.1305583587096057,1
847,raydium-clmm,dflow-v4,150,7211.396702935001,11277.551254768126,2.0962447744823534,1
847,meteora,jupiter-aggregator-v6,6558,5670.1867472290005,198.53482673420132,1.6482381747741466,2
847,orca-whirlpool,,1051,3416.750396352001,753.4207414636786,0.9931980529026166,3
847,raydium-clmm,okx-aggregator,322,2328.0006595439995,1657.3077312004825,0.6767148471494326,1
847,meteora-dlmm,dflow-v4,99,1869.3411319669997,4411.475215858636,0.5433894072164831,2
847,meteora-dlmm-v2,okx-aggregator,88,1763.4614481460003,4605.803416209296,0.512611772442448,1
847,orca-whirlpool-v2,,374,828.518282053,510.79803665513185,0.24083782807425347,2
847,meteora-dlmm,,378,471.51755578800004,291.71805173105935,0.1370630757277583,3
847,orca-whirlpool-v2,jupiter-aggregator-v6,208,407.355448834,453.25571615401526,0.11841211434501261,1
847,meteora,dflow-v4,113,349.44936488900004,714.6374289487504,0.10157968494461096,2
847,meteora,,151,311.579746436,484.29994734507346,0.09057155530428303,2
847,raydium-clmm,raydium-router,131,170.526092885,300.11276778960445,0.04956937551051484,1
847,meteora-dlmm-v2,,249,166.93326829,158.3324464334486,0.04852499533103655,2
847,meteora,okx-aggregator,130,32.564279166,57.42230570420077,0.00946594714567977,2
847,meteora-dlmm-v2,jupiter-aggregator-v6,51,26.021155169999997,119.55055935596076,0.007563959215959752,3
847,stabble,jupiter-aggregator-v6,171,2.3524379849999995,3.102381044029122,0.0006838184108416943,2
847,stabble,,15,0.9109043529999999,13.652777577986665,0.00026478622223796553,2
847,phoenix,,2,0.84031496,96.327587281,0.000244266945278773,1
847,orca-whirlpool,jupiter-aggregator-v4,9,0.012493385,0.31214345802777776,3.63163948686769e-06,3
847,stabble,dflow-v4,8,0.010674946,0.31133948648875,3.1030465653448043e-06,2
847,pumpswap,,3,0.000302759,0.022974041766666665,8.800749671963002e-08,1
848,raydium-clmm,,32197,75443.69001001402,567.251563418012,33.58880428225671,1
848,orca-whirlpool,jupiter-aggregator-v6,18299,68950.97327362098,910.5481234323354,30.69813719412925,3
848,raydium-clmm,jupiter-aggregator-v6,6772,32716.160252086996,1167.3638740080394,14.565786793149096,1
848,meteora-dlmm,jupiter-aggregator-v6,2300,22728.899088232996,2383.0732936948125,10.119289537991666,4
848,orca-whirlpool,dflow-v4,253,6653.768605315001,6367.86118186,2.962370098727734,1
848,raydium-clmm,dflow-v4,196,4277.068025322001,5275.161680569514,1.9042228817992592,1
848,meteora,jupiter-aggregator-v6,4332,3614.387072674,201.39602222298365,1.609186135623156,2
848,orca-whirlpool,,1501,2492.105638484,404.06197912748604,1.109527497006531,7
848,orca-whirlpool-v2,okx-aggregator,273,2184.945025692,1948.1926874299345,0.972774407319122,1
848,meteora-dlmm,,2219,2172.822864781,235.96828981864567,0.9673774166594188,5
848,raydium-clmm,okx-aggregator,240,1022.8238835209997,1037.4459979456012,0.45537845821492073,1
848,meteora-dlmm,dflow-v4,102,706.4081025849999,1682.925586405686,0.31450481144252657,2
848,meteora,dflow-v4,90,537.18774371,1437.293804169945,0.23916505123102097,2
848,raydium-clmm,raydium-router,110,495.7365336549999,1102.1794123406683,0.22071027281793829,1
848,meteora,,112,253.89995227200006,545.6726971258983,0.11304054458373579,2
848,orca-whirlpool-v2,,264,131.566917406,120.99977376935533,0.05857581247925955,6
848,orca-whirlpool-v2,jupiter-aggregator-v6,120,67.964751594,136.7012616432166,0.030259054654935974,4
848,meteora,okx-aggregator,86,63.469468093,177.48944702392646,0.028257678559886736,2
848,meteora-dlmm-v2,okx-aggregator,78,58.03436635399998,182.6315736836372,0.02583787952114416,1
848,meteora-dlmm-v2,,139,36.919138300000014,65.07836120276114,0.01643702356636675,6
848,meteora-dlmm-v2,jupiter-aggregator-v6,21,0.6133335580000001,7.099406065108096,0.0002730664530945883,4
848,stabble,jupiter-aggregator-v6,90,0.07772431400000002,0.2097113241246667,3.4604176579540834e-05,3
848,phoenix,,1,0.073197679,17.626001103,3.258884226792336e-05,1
848,orca-whirlpool-v2,photon,2,0.018207267,2.066758548,8.10618260714204e-06,1
848,stabble,,4,0.016623281,1.0115603798000001,7.4009653022518285e-06,1
848,stabble,dflow-v4,7,0.0030631689999999993,0.10641759947,1.363774545105351e-06,1
848,pumpswap,,1,5.6195e-05,0.01391893955,2.5018962571831733e-08,1
848,orca-whirlpool,jupiter-aggregator-v4,1,2.8869e-05,0.0070983705,1.2852966108839045e-08,1
